algo,arch,m,k,n,meta_block_sz,block_sz,nn_row,mm_col,density,bm,bn,bk,wm,wn,wk,mm,mn,mk,nstage,spmm_time,gemm_time,speedup,error
3,sm_86,768,768,4096,0,1,2,4,0.5,0,0,0,0,0,0,0,0,0,0,0.0894237,0.12152,1.35893,0
3,sm_86,3072,768,4096,0,1,2,4,0.5,0,0,0,0,0,0,0,0,0,0,0.222361,0.369931,1.66365,0
3,sm_86,768,3072,4096,0,1,2,4,0.5,0,0,0,0,0,0,0,0,0,0,0.301761,0.364835,1.20902,0
3,sm_86,1024,1024,4096,0,1,2,4,0.5,0,0,0,0,0,0,0,0,0,0,0.113749,0.204612,1.7988,0
3,sm_86,4096,1024,4096,0,1,2,4,0.5,0,0,0,0,0,0,0,0,0,0,0.389621,0.629915,1.61673,0
3,sm_86,1024,4096,4096,0,1,2,4,0.5,0,0,0,0,0,0,0,0,0,0,0.39729,0.674203,1.697,0
3,sm_86,768,768,8192,0,1,2,4,0.5,0,0,0,0,0,0,0,0,0,0,0.133695,0.1992,1.48995,0
3,sm_86,3072,768,8192,0,1,2,4,0.5,0,0,0,0,0,0,0,0,0,0,0.441471,0.696661,1.57804,0
3,sm_86,768,3072,8192,0,1,2,4,0.5,0,0,0,0,0,0,0,0,0,0,0.452281,0.727317,1.60811,0
3,sm_86,1024,1024,8192,0,1,2,4,0.5,0,0,0,0,0,0,0,0,0,0,0.223052,0.382568,1.71515,0
3,sm_86,4096,1024,8192,0,1,2,4,0.5,0,0,0,0,0,0,0,0,0,0,0.722059,1.20521,1.66913,0
3,sm_86,1024,4096,8192,0,1,2,4,0.5,0,0,0,0,0,0,0,0,0,0,0.790189,1.43998,1.82233,0
2,sm_86,768,768,4096,32,4,2,4,0.5,128,64,32,32,64,32,16,8,32,2,0.065703,0.121752,1.85307,0
2,sm_86,768,768,4096,32,4,2,4,0.5,128,64,32,32,64,32,16,8,32,3,0.0650211,0.121792,1.87312,0
2,sm_86,768,768,4096,32,4,2,4,0.5,128,64,32,32,64,32,16,8,32,4,0.07116,0.121754,1.71099,0
2,sm_86,768,768,4096,32,4,2,4,0.5,64,64,32,32,64,32,16,8,32,2,0.0770563,0.1218,1.58066,0
2,sm_86,768,768,4096,32,4,2,4,0.5,64,64,32,32,64,32,16,8,32,3,0.0832419,0.121762,1.46274,0
2,sm_86,768,768,4096,32,4,2,4,0.5,64,64,32,32,64,32,16,8,32,4,0.0846138,0.121765,1.43907,0
2,sm_86,3072,768,4096,32,4,2,4,0.5,128,64,32,32,64,32,16,8,32,2,0.202643,0.370661,1.82913,0
2,sm_86,3072,768,4096,32,4,2,4,0.5,128,64,32,32,64,32,16,8,32,3,0.215408,0.369988,1.71761,0
2,sm_86,3072,768,4096,32,4,2,4,0.5,128,64,32,32,64,32,16,8,32,4,0.245407,0.370031,1.50782,0
2,sm_86,3072,768,4096,32,4,2,4,0.5,64,64,32,32,64,32,16,8,32,2,0.271815,0.370019,1.36129,0
2,sm_86,3072,768,4096,32,4,2,4,0.5,64,64,32,32,64,32,16,8,32,3,0.277597,0.370016,1.33293,0
2,sm_86,3072,768,4096,32,4,2,4,0.5,64,64,32,32,64,32,16,8,32,4,0.295248,0.370022,1.25326,0
2,sm_86,768,3072,4096,32,4,2,4,0.5,128,64,32,32,64,32,16,8,32,2,0.244976,0.364924,1.48963,0
2,sm_86,768,3072,4096,32,4,2,4,0.5,128,64,32,32,64,32,16,8,32,3,0.233057,0.364998,1.56613,0
2,sm_86,768,3072,4096,32,4,2,4,0.5,128,64,32,32,64,32,16,8,32,4,0.251123,0.364903,1.45308,0
2,sm_86,768,3072,4096,32,4,2,4,0.5,64,64,32,32,64,32,16,8,32,2,0.280484,0.364863,1.30083,0
2,sm_86,768,3072,4096,32,4,2,4,0.5,64,64,32,32,64,32,16,8,32,3,0.303373,0.364887,1.20277,0
2,sm_86,768,3072,4096,32,4,2,4,0.5,64,64,32,32,64,32,16,8,32,4,0.318346,0.36485,1.14608,0
2,sm_86,1024,1024,4096,32,4,2,4,0.5,128,64,32,32,64,32,16,8,32,2,0.104542,0.204583,1.95694,0
2,sm_86,1024,1024,4096,32,4,2,4,0.5,128,64,32,32,64,32,16,8,32,3,0.109973,0.204537,1.85988,0
2,sm_86,1024,1024,4096,32,4,2,4,0.5,128,64,32,32,64,32,16,8,32,4,0.121444,0.204547,1.68429,0
2,sm_86,1024,1024,4096,32,4,2,4,0.5,64,64,32,32,64,32,16,8,32,2,0.130236,0.204572,1.57078,0
2,sm_86,1024,1024,4096,32,4,2,4,0.5,64,64,32,32,64,32,16,8,32,3,0.134534,0.204536,1.52033,0
2,sm_86,1024,1024,4096,32,4,2,4,0.5,64,64,32,32,64,32,16,8,32,4,0.137029,0.204543,1.49269,0
2,sm_86,4096,1024,4096,32,4,2,4,0.5,128,64,32,32,64,32,16,8,32,2,0.344164,0.629993,1.8305,0
2,sm_86,4096,1024,4096,32,4,2,4,0.5,128,64,32,32,64,32,16,8,32,3,0.365408,0.630015,1.72414,0
2,sm_86,4096,1024,4096,32,4,2,4,0.5,128,64,32,32,64,32,16,8,32,4,0.417241,0.629998,1.50991,0
2,sm_86,4096,1024,4096,32,4,2,4,0.5,64,64,32,32,64,32,16,8,32,2,0.478045,0.630009,1.31789,0
2,sm_86,4096,1024,4096,32,4,2,4,0.5,64,64,32,32,64,32,16,8,32,3,0.482654,0.629983,1.30525,0
2,sm_86,4096,1024,4096,32,4,2,4,0.5,64,64,32,32,64,32,16,8,32,4,0.508471,0.629974,1.23896,0
2,sm_86,1024,4096,4096,32,4,2,4,0.5,128,64,32,32,64,32,16,8,32,2,0.4134,0.674203,1.63087,0
2,sm_86,1024,4096,4096,32,4,2,4,0.5,128,64,32,32,64,32,16,8,32,3,0.421353,0.674191,1.60006,0
2,sm_86,1024,4096,4096,32,4,2,4,0.5,128,64,32,32,64,32,16,8,32,4,0.456144,0.677039,1.48427,0
2,sm_86,1024,4096,4096,32,4,2,4,0.5,64,64,32,32,64,32,16,8,32,2,0.533518,0.674223,1.26373,0
2,sm_86,1024,4096,4096,32,4,2,4,0.5,64,64,32,32,64,32,16,8,32,3,0.527365,0.674178,1.27839,0
2,sm_86,1024,4096,4096,32,4,2,4,0.5,64,64,32,32,64,32,16,8,32,4,0.528535,0.67416,1.27553,0
2,sm_86,768,768,8192,32,4,2,4,0.5,128,64,32,32,64,32,16,8,32,2,0.115495,0.199145,1.72428,0
2,sm_86,768,768,8192,32,4,2,4,0.5,128,64,32,32,64,32,16,8,32,3,0.11925,0.199233,1.67072,0
2,sm_86,768,768,8192,32,4,2,4,0.5,128,64,32,32,64,32,16,8,32,4,0.132843,0.199136,1.49904,0
2,sm_86,768,768,8192,32,4,2,4,0.5,64,64,32,32,64,32,16,8,32,2,0.144916,0.199249,1.37493,0
2,sm_86,768,768,8192,32,4,2,4,0.5,64,64,32,32,64,32,16,8,32,3,0.147377,0.199164,1.35139,0
2,sm_86,768,768,8192,32,4,2,4,0.5,64,64,32,32,64,32,16,8,32,4,0.152431,0.199252,1.30717,0
2,sm_86,3072,768,8192,32,4,2,4,0.5,128,64,32,32,64,32,16,8,32,2,0.393068,0.696604,1.77223,0
2,sm_86,3072,768,8192,32,4,2,4,0.5,128,64,32,32,64,32,16,8,32,3,0.416493,0.696606,1.67255,0
2,sm_86,3072,768,8192,32,4,2,4,0.5,128,64,32,32,64,32,16,8,32,4,0.477354,0.696617,1.45933,0
2,sm_86,3072,768,8192,32,4,2,4,0.5,64,64,32,32,64,32,16,8,32,2,0.536774,0.696611,1.29777,0
2,sm_86,3072,768,8192,32,4,2,4,0.5,64,64,32,32,64,32,16,8,32,3,0.543942,0.696548,1.28056,0
2,sm_86,3072,768,8192,32,4,2,4,0.5,64,64,32,32,64,32,16,8,32,4,0.570313,0.696612,1.22146,0
2,sm_86,768,3072,8192,32,4,2,4,0.5,128,64,32,32,64,32,16,8,32,2,0.423495,0.727428,1.71768,0
2,sm_86,768,3072,8192,32,4,2,4,0.5,128,64,32,32,64,32,16,8,32,3,0.432909,0.727604,1.68073,0
2,sm_86,768,3072,8192,32,4,2,4,0.5,128,64,32,32,64,32,16,8,32,4,0.477632,0.727478,1.52309,0
2,sm_86,768,3072,8192,32,4,2,4,0.5,64,64,32,32,64,32,16,8,32,2,0.54962,0.727403,1.32346,0
2,sm_86,768,3072,8192,32,4,2,4,0.5,64,64,32,32,64,32,16,8,32,3,0.548684,0.727473,1.32585,0
2,sm_86,768,3072,8192,32,4,2,4,0.5,64,64,32,32,64,32,16,8,32,4,0.556884,0.727429,1.30625,0
2,sm_86,1024,1024,8192,32,4,2,4,0.5,128,64,32,32,64,32,16,8,32,2,0.185236,0.382411,2.06445,0
2,sm_86,1024,1024,8192,32,4,2,4,0.5,128,64,32,32,64,32,16,8,32,3,0.194743,0.38241,1.96367,0
2,sm_86,1024,1024,8192,32,4,2,4,0.5,128,64,32,32,64,32,16,8,32,4,0.218277,0.382628,1.75294,0
2,sm_86,1024,1024,8192,32,4,2,4,0.5,64,64,32,32,64,32,16,8,32,2,0.239671,0.382267,1.59496,0
2,sm_86,1024,1024,8192,32,4,2,4,0.5,64,64,32,32,64,32,16,8,32,3,0.246442,0.382292,1.55125,0
2,sm_86,1024,1024,8192,32,4,2,4,0.5,64,64,32,32,64,32,16,8,32,4,0.254816,0.382474,1.50098,0
2,sm_86,4096,1024,8192,32,4,2,4,0.5,128,64,32,32,64,32,16,8,32,2,0.674251,1.20513,1.78737,0
2,sm_86,4096,1024,8192,32,4,2,4,0.5,128,64,32,32,64,32,16,8,32,3,0.713383,1.20519,1.6894,0
2,sm_86,4096,1024,8192,32,4,2,4,0.5,128,64,32,32,64,32,16,8,32,4,0.815683,1.20517,1.4775,0
2,sm_86,4096,1024,8192,32,4,2,4,0.5,64,64,32,32,64,32,16,8,32,2,0.923452,1.20531,1.30522,0
2,sm_86,4096,1024,8192,32,4,2,4,0.5,64,64,32,32,64,32,16,8,32,3,0.937411,1.20512,1.28558,0
2,sm_86,4096,1024,8192,32,4,2,4,0.5,64,64,32,32,64,32,16,8,32,4,0.99437,1.20512,1.21195,0
2,sm_86,1024,4096,8192,32,4,2,4,0.5,128,64,32,32,64,32,16,8,32,2,0.700649,1.44039,2.0558,0
2,sm_86,1024,4096,8192,32,4,2,4,0.5,128,64,32,32,64,32,16,8,32,3,0.729465,1.44015,1.97425,0
2,sm_86,1024,4096,8192,32,4,2,4,0.5,128,64,32,32,64,32,16,8,32,4,0.812416,1.44024,1.77279,0
2,sm_86,1024,4096,8192,32,4,2,4,0.5,64,64,32,32,64,32,16,8,32,2,0.917188,1.44014,1.57017,0
2,sm_86,1024,4096,8192,32,4,2,4,0.5,64,64,32,32,64,32,16,8,32,3,0.929712,1.44006,1.54893,0
2,sm_86,1024,4096,8192,32,4,2,4,0.5,64,64,32,32,64,32,16,8,32,4,0.957021,1.44011,1.50479,0
2,sm_86,768,768,4096,32,4,2,4,0.5,128,64,32,32,64,32,16,8,32,2,0.064489,0.122045,1.89249,0
2,sm_86,768,768,4096,32,4,2,4,0.5,128,64,32,32,64,32,16,8,32,3,0.0651174,0.122037,1.8741,0
2,sm_86,768,768,4096,32,4,2,4,0.5,128,64,32,32,64,32,16,8,32,4,0.0714032,0.121994,1.70852,0
2,sm_86,768,768,4096,32,4,2,4,0.5,64,64,32,32,64,32,16,8,32,2,0.0770173,0.1218,1.58146,0
2,sm_86,768,768,4096,32,4,2,4,0.5,64,64,32,32,64,32,16,8,32,3,0.0831341,0.121796,1.46505,0
2,sm_86,768,768,4096,32,4,2,4,0.5,64,64,32,32,64,32,16,8,32,4,0.0846205,0.121812,1.4395,0
2,sm_86,3072,768,4096,32,4,2,4,0.5,128,64,32,32,64,32,16,8,32,2,0.202832,0.370069,1.82451,0
2,sm_86,3072,768,4096,32,4,2,4,0.5,128,64,32,32,64,32,16,8,32,3,0.215444,0.371425,1.724,0
2,sm_86,3072,768,4096,32,4,2,4,0.5,128,64,32,32,64,32,16,8,32,4,0.245433,0.370038,1.5077,0
2,sm_86,3072,768,4096,32,4,2,4,0.5,64,64,32,32,64,32,16,8,32,2,0.2717,0.369933,1.36155,0
2,sm_86,3072,768,4096,32,4,2,4,0.5,64,64,32,32,64,32,16,8,32,3,0.277825,0.370066,1.33201,0
2,sm_86,3072,768,4096,32,4,2,4,0.5,64,64,32,32,64,32,16,8,32,4,0.2953,0.370084,1.25325,0
2,sm_86,768,3072,4096,32,4,2,4,0.5,128,64,32,32,64,32,16,8,32,2,0.247025,0.364909,1.47722,0
2,sm_86,768,3072,4096,32,4,2,4,0.5,128,64,32,32,64,32,16,8,32,3,0.230209,0.364888,1.58503,0
2,sm_86,768,3072,4096,32,4,2,4,0.5,128,64,32,32,64,32,16,8,32,4,0.251196,0.364893,1.45263,0
2,sm_86,768,3072,4096,32,4,2,4,0.5,64,64,32,32,64,32,16,8,32,2,0.280286,0.364913,1.30193,0
2,sm_86,768,3072,4096,32,4,2,4,0.5,64,64,32,32,64,32,16,8,32,3,0.300773,0.364886,1.21316,0
2,sm_86,768,3072,4096,32,4,2,4,0.5,64,64,32,32,64,32,16,8,32,4,0.317841,0.364878,1.14799,0
2,sm_86,1024,1024,4096,32,4,2,4,0.5,128,64,32,32,64,32,16,8,32,2,0.104586,0.204539,1.9557,0
2,sm_86,1024,1024,4096,32,4,2,4,0.5,128,64,32,32,64,32,16,8,32,3,0.109604,0.204572,1.86647,0
2,sm_86,1024,1024,4096,32,4,2,4,0.5,128,64,32,32,64,32,16,8,32,4,0.121423,0.20457,1.68477,0
2,sm_86,1024,1024,4096,32,4,2,4,0.5,64,64,32,32,64,32,16,8,32,2,0.130202,0.204581,1.57126,0
2,sm_86,1024,1024,4096,32,4,2,4,0.5,64,64,32,32,64,32,16,8,32,3,0.134536,0.20456,1.52049,0
2,sm_86,1024,1024,4096,32,4,2,4,0.5,64,64,32,32,64,32,16,8,32,4,0.137051,0.204536,1.49241,0
2,sm_86,4096,1024,4096,32,4,2,4,0.5,128,64,32,32,64,32,16,8,32,2,0.344114,0.630033,1.83089,0
2,sm_86,4096,1024,4096,32,4,2,4,0.5,128,64,32,32,64,32,16,8,32,3,0.365449,0.630008,1.72393,0
2,sm_86,4096,1024,4096,32,4,2,4,0.5,128,64,32,32,64,32,16,8,32,4,0.414534,0.629986,1.51974,0
2,sm_86,4096,1024,4096,32,4,2,4,0.5,64,64,32,32,64,32,16,8,32,2,0.477829,0.630025,1.31852,0
2,sm_86,4096,1024,4096,32,4,2,4,0.5,64,64,32,32,64,32,16,8,32,3,0.482624,0.629977,1.30531,0
2,sm_86,4096,1024,4096,32,4,2,4,0.5,64,64,32,32,64,32,16,8,32,4,0.508481,0.630051,1.23908,0
2,sm_86,1024,4096,4096,32,4,2,4,0.5,128,64,32,32,64,32,16,8,32,2,0.41351,0.674189,1.6304,0
2,sm_86,1024,4096,4096,32,4,2,4,0.5,128,64,32,32,64,32,16,8,32,3,0.421212,0.674198,1.60062,0
2,sm_86,1024,4096,4096,32,4,2,4,0.5,128,64,32,32,64,32,16,8,32,4,0.457348,0.674177,1.4741,0
2,sm_86,1024,4096,4096,32,4,2,4,0.5,64,64,32,32,64,32,16,8,32,2,0.533397,0.674185,1.26395,0
2,sm_86,1024,4096,4096,32,4,2,4,0.5,64,64,32,32,64,32,16,8,32,3,0.510211,0.674247,1.32151,0
2,sm_86,1024,4096,4096,32,4,2,4,0.5,64,64,32,32,64,32,16,8,32,4,0.51813,0.674219,1.30125,0
2,sm_86,768,768,8192,32,4,2,4,0.5,128,64,32,32,64,32,16,8,32,2,0.115483,0.199167,1.72464,0
2,sm_86,768,768,8192,32,4,2,4,0.5,128,64,32,32,64,32,16,8,32,3,0.119286,0.199239,1.67027,0
2,sm_86,768,768,8192,32,4,2,4,0.5,128,64,32,32,64,32,16,8,32,4,0.132888,0.199122,1.49842,0
2,sm_86,768,768,8192,32,4,2,4,0.5,64,64,32,32,64,32,16,8,32,2,0.144957,0.199146,1.37383,0
2,sm_86,768,768,8192,32,4,2,4,0.5,64,64,32,32,64,32,16,8,32,3,0.14749,0.199223,1.35076,0
2,sm_86,768,768,8192,32,4,2,4,0.5,64,64,32,32,64,32,16,8,32,4,0.15257,0.199161,1.30537,0
2,sm_86,3072,768,8192,32,4,2,4,0.5,128,64,32,32,64,32,16,8,32,2,0.393557,0.696588,1.76998,0
2,sm_86,3072,768,8192,32,4,2,4,0.5,128,64,32,32,64,32,16,8,32,3,0.416476,0.696631,1.67268,0
2,sm_86,3072,768,8192,32,4,2,4,0.5,128,64,32,32,64,32,16,8,32,4,0.477374,0.696641,1.45932,0
2,sm_86,3072,768,8192,32,4,2,4,0.5,64,64,32,32,64,32,16,8,32,2,0.52956,0.696645,1.31552,0
2,sm_86,3072,768,8192,32,4,2,4,0.5,64,64,32,32,64,32,16,8,32,3,0.543964,0.696558,1.28052,0
2,sm_86,3072,768,8192,32,4,2,4,0.5,64,64,32,32,64,32,16,8,32,4,0.570362,0.696672,1.22146,0
2,sm_86,768,3072,8192,32,4,2,4,0.5,128,64,32,32,64,32,16,8,32,2,0.422789,0.727415,1.72052,0
2,sm_86,768,3072,8192,32,4,2,4,0.5,128,64,32,32,64,32,16,8,32,3,0.432683,0.727596,1.68159,0
2,sm_86,768,3072,8192,32,4,2,4,0.5,128,64,32,32,64,32,16,8,32,4,0.477327,0.727497,1.52411,0
2,sm_86,768,3072,8192,32,4,2,4,0.5,64,64,32,32,64,32,16,8,32,2,0.549655,0.727412,1.3234,0
2,sm_86,768,3072,8192,32,4,2,4,0.5,64,64,32,32,64,32,16,8,32,3,0.548344,0.727485,1.32669,0
2,sm_86,768,3072,8192,32,4,2,4,0.5,64,64,32,32,64,32,16,8,32,4,0.556901,0.727452,1.30625,0
2,sm_86,1024,1024,8192,32,4,2,4,0.5,128,64,32,32,64,32,16,8,32,2,0.185196,0.382631,2.06608,0
2,sm_86,1024,1024,8192,32,4,2,4,0.5,128,64,32,32,64,32,16,8,32,3,0.19471,0.382496,1.96444,0
2,sm_86,1024,1024,8192,32,4,2,4,0.5,128,64,32,32,64,32,16,8,32,4,0.221204,0.382468,1.72902,0
2,sm_86,1024,1024,8192,32,4,2,4,0.5,64,64,32,32,64,32,16,8,32,2,0.239843,0.382264,1.59381,0
2,sm_86,1024,1024,8192,32,4,2,4,0.5,64,64,32,32,64,32,16,8,32,3,0.245142,0.382442,1.56009,0
2,sm_86,1024,1024,8192,32,4,2,4,0.5,64,64,32,32,64,32,16,8,32,4,0.254775,0.382445,1.50111,0
2,sm_86,4096,1024,8192,32,4,2,4,0.5,128,64,32,32,64,32,16,8,32,2,0.674177,1.20517,1.78761,0
2,sm_86,4096,1024,8192,32,4,2,4,0.5,128,64,32,32,64,32,16,8,32,3,0.713556,1.20516,1.68895,0
2,sm_86,4096,1024,8192,32,4,2,4,0.5,128,64,32,32,64,32,16,8,32,4,0.815674,1.20516,1.4775,0
2,sm_86,4096,1024,8192,32,4,2,4,0.5,64,64,32,32,64,32,16,8,32,2,0.923411,1.20521,1.30517,0
2,sm_86,4096,1024,8192,32,4,2,4,0.5,64,64,32,32,64,32,16,8,32,3,0.93582,1.20518,1.28784,0
2,sm_86,4096,1024,8192,32,4,2,4,0.5,64,64,32,32,64,32,16,8,32,4,0.991826,1.20524,1.21518,0
2,sm_86,1024,4096,8192,32,4,2,4,0.5,128,64,32,32,64,32,16,8,32,2,0.700783,1.44031,2.05528,0
2,sm_86,1024,4096,8192,32,4,2,4,0.5,128,64,32,32,64,32,16,8,32,3,0.72943,1.44008,1.97426,0
2,sm_86,1024,4096,8192,32,4,2,4,0.5,128,64,32,32,64,32,16,8,32,4,0.812401,1.44031,1.7729,0
2,sm_86,1024,4096,8192,32,4,2,4,0.5,64,64,32,32,64,32,16,8,32,2,0.916818,1.44017,1.57084,0
2,sm_86,1024,4096,8192,32,4,2,4,0.5,64,64,32,32,64,32,16,8,32,3,0.929499,1.43989,1.54911,0
2,sm_86,1024,4096,8192,32,4,2,4,0.5,64,64,32,32,64,32,16,8,32,4,0.957177,1.44013,1.50456,0
2,sm_86,768,768,4096,32,4,2,7,0.5,128,64,32,32,64,32,16,8,32,2,0.044112,0.122085,2.76762,0
2,sm_86,768,768,4096,32,4,2,7,0.5,128,64,32,32,64,32,16,8,32,3,0.0429917,0.122086,2.83977,0
2,sm_86,768,768,4096,32,4,2,7,0.5,128,64,32,32,64,32,16,8,32,4,0.0490304,0.122074,2.48976,0
2,sm_86,768,768,4096,32,4,2,7,0.5,64,64,32,32,64,32,16,8,32,2,0.0493149,0.121797,2.46979,0
2,sm_86,768,768,4096,32,4,2,7,0.5,64,64,32,32,64,32,16,8,32,3,0.0509014,0.124569,2.44726,0
2,sm_86,768,768,4096,32,4,2,7,0.5,64,64,32,32,64,32,16,8,32,4,0.0575315,0.12177,2.11658,0
2,sm_86,3072,768,4096,32,4,2,7,0.5,128,64,32,32,64,32,16,8,32,2,0.129411,0.369989,2.85904,0
2,sm_86,3072,768,4096,32,4,2,7,0.5,128,64,32,32,64,32,16,8,32,3,0.140118,0.369998,2.64061,0
2,sm_86,3072,768,4096,32,4,2,7,0.5,128,64,32,32,64,32,16,8,32,4,0.163521,0.369956,2.26244,0
2,sm_86,3072,768,4096,32,4,2,7,0.5,64,64,32,32,64,32,16,8,32,2,0.164548,0.369933,2.24817,0
2,sm_86,3072,768,4096,32,4,2,7,0.5,64,64,32,32,64,32,16,8,32,3,0.166396,0.369916,2.22311,0
2,sm_86,3072,768,4096,32,4,2,7,0.5,64,64,32,32,64,32,16,8,32,4,0.1889,0.369981,1.9586,0
2,sm_86,768,3072,4096,32,4,2,7,0.5,128,64,32,32,64,32,16,8,32,2,0.17216,0.364911,2.11961,0
2,sm_86,768,3072,4096,32,4,2,7,0.5,128,64,32,32,64,32,16,8,32,3,0.147681,0.364891,2.47081,0
2,sm_86,768,3072,4096,32,4,2,7,0.5,128,64,32,32,64,32,16,8,32,4,0.163969,0.364892,2.22538,0
2,sm_86,768,3072,4096,32,4,2,7,0.5,64,64,32,32,64,32,16,8,32,2,0.1831,0.364928,1.99306,0
2,sm_86,768,3072,4096,32,4,2,7,0.5,64,64,32,32,64,32,16,8,32,3,0.194902,0.364892,1.87218,0
2,sm_86,768,3072,4096,32,4,2,7,0.5,64,64,32,32,64,32,16,8,32,4,0.203589,0.364895,1.79231,0
2,sm_86,1024,1024,4096,32,4,2,7,0.5,128,64,32,32,64,32,16,8,32,2,0.0690672,0.204547,2.96157,0
2,sm_86,1024,1024,4096,32,4,2,7,0.5,128,64,32,32,64,32,16,8,32,3,0.0736493,0.20452,2.77694,0
2,sm_86,1024,1024,4096,32,4,2,7,0.5,128,64,32,32,64,32,16,8,32,4,0.0826528,0.204548,2.47479,0
2,sm_86,1024,1024,4096,32,4,2,7,0.5,64,64,32,32,64,32,16,8,32,2,0.0821536,0.204566,2.49004,0
2,sm_86,1024,1024,4096,32,4,2,7,0.5,64,64,32,32,64,32,16,8,32,3,0.0853021,0.204554,2.39799,0
2,sm_86,1024,1024,4096,32,4,2,7,0.5,64,64,32,32,64,32,16,8,32,4,0.0920534,0.204478,2.2213,0
2,sm_86,4096,1024,4096,32,4,2,7,0.5,128,64,32,32,64,32,16,8,32,2,0.221352,0.629993,2.84611,0
2,sm_86,4096,1024,4096,32,4,2,7,0.5,128,64,32,32,64,32,16,8,32,3,0.240737,0.633051,2.62964,0
2,sm_86,4096,1024,4096,32,4,2,7,0.5,128,64,32,32,64,32,16,8,32,4,0.281153,0.629986,2.24072,0
2,sm_86,4096,1024,4096,32,4,2,7,0.5,64,64,32,32,64,32,16,8,32,2,0.290506,0.629922,2.16836,0
2,sm_86,4096,1024,4096,32,4,2,7,0.5,64,64,32,32,64,32,16,8,32,3,0.291883,0.629997,2.15839,0
2,sm_86,4096,1024,4096,32,4,2,7,0.5,64,64,32,32,64,32,16,8,32,4,0.326015,0.630015,1.93247,0
2,sm_86,1024,4096,4096,32,4,2,7,0.5,128,64,32,32,64,32,16,8,32,2,0.241935,0.674172,2.78658,0
2,sm_86,1024,4096,4096,32,4,2,7,0.5,128,64,32,32,64,32,16,8,32,3,0.256812,0.674194,2.62524,0
2,sm_86,1024,4096,4096,32,4,2,7,0.5,128,64,32,32,64,32,16,8,32,4,0.289396,0.674205,2.3297,0
2,sm_86,1024,4096,4096,32,4,2,7,0.5,64,64,32,32,64,32,16,8,32,2,0.296779,0.674165,2.27161,0
2,sm_86,1024,4096,4096,32,4,2,7,0.5,64,64,32,32,64,32,16,8,32,3,0.305735,0.674154,2.20503,0
2,sm_86,1024,4096,4096,32,4,2,7,0.5,64,64,32,32,64,32,16,8,32,4,0.322561,0.67417,2.09005,0
2,sm_86,768,768,8192,32,4,2,7,0.5,128,64,32,32,64,32,16,8,32,2,0.0725814,0.199356,2.74665,0
2,sm_86,768,768,8192,32,4,2,7,0.5,128,64,32,32,64,32,16,8,32,3,0.0776294,0.199398,2.56859,0
2,sm_86,768,768,8192,32,4,2,7,0.5,128,64,32,32,64,32,16,8,32,4,0.0883174,0.199356,2.25726,0
2,sm_86,768,768,8192,32,4,2,7,0.5,64,64,32,32,64,32,16,8,32,2,0.0890915,0.199381,2.23794,0
2,sm_86,768,768,8192,32,4,2,7,0.5,64,64,32,32,64,32,16,8,32,3,0.0905299,0.19936,2.20214,0
2,sm_86,768,768,8192,32,4,2,7,0.5,64,64,32,32,64,32,16,8,32,4,0.0995578,0.199363,2.00248,0
2,sm_86,3072,768,8192,32,4,2,7,0.5,128,64,32,32,64,32,16,8,32,2,0.248029,0.69656,2.80837,0
2,sm_86,3072,768,8192,32,4,2,7,0.5,128,64,32,32,64,32,16,8,32,3,0.268677,0.696572,2.5926,0
2,sm_86,3072,768,8192,32,4,2,7,0.5,128,64,32,32,64,32,16,8,32,4,0.31673,0.696564,2.19924,0
2,sm_86,3072,768,8192,32,4,2,7,0.5,64,64,32,32,64,32,16,8,32,2,0.318798,0.696535,2.18488,0
2,sm_86,3072,768,8192,32,4,2,7,0.5,64,64,32,32,64,32,16,8,32,3,0.319927,0.696655,2.17754,0
2,sm_86,3072,768,8192,32,4,2,7,0.5,64,64,32,32,64,32,16,8,32,4,0.363907,0.696619,1.91428,0
2,sm_86,768,3072,8192,32,4,2,7,0.5,128,64,32,32,64,32,16,8,32,2,0.261112,0.727517,2.78622,0
2,sm_86,768,3072,8192,32,4,2,7,0.5,128,64,32,32,64,32,16,8,32,3,0.273123,0.727587,2.66396,0
2,sm_86,768,3072,8192,32,4,2,7,0.5,128,64,32,32,64,32,16,8,32,4,0.302336,0.727537,2.40639,0
2,sm_86,768,3072,8192,32,4,2,7,0.5,64,64,32,32,64,32,16,8,32,2,0.3389,0.72747,2.14657,0
2,sm_86,768,3072,8192,32,4,2,7,0.5,64,64,32,32,64,32,16,8,32,3,0.327173,0.72751,2.22363,0
2,sm_86,768,3072,8192,32,4,2,7,0.5,64,64,32,32,64,32,16,8,32,4,0.351179,0.727494,2.07158,0
2,sm_86,1024,1024,8192,32,4,2,7,0.5,128,64,32,32,64,32,16,8,32,2,0.120283,0.382634,3.18111,0
2,sm_86,1024,1024,8192,32,4,2,7,0.5,128,64,32,32,64,32,16,8,32,3,0.129189,0.382435,2.96026,0
2,sm_86,1024,1024,8192,32,4,2,7,0.5,128,64,32,32,64,32,16,8,32,4,0.146523,0.382625,2.61137,0
2,sm_86,1024,1024,8192,32,4,2,7,0.5,64,64,32,32,64,32,16,8,32,2,0.1501,0.382402,2.54764,0
2,sm_86,1024,1024,8192,32,4,2,7,0.5,64,64,32,32,64,32,16,8,32,3,0.150304,0.382391,2.54413,0
2,sm_86,1024,1024,8192,32,4,2,7,0.5,64,64,32,32,64,32,16,8,32,4,0.167877,0.382434,2.27806,0
2,sm_86,4096,1024,8192,32,4,2,7,0.5,128,64,32,32,64,32,16,8,32,2,0.43079,1.20523,2.79772,0
2,sm_86,4096,1024,8192,32,4,2,7,0.5,128,64,32,32,64,32,16,8,32,3,0.468525,1.20514,2.57219,0
2,sm_86,4096,1024,8192,32,4,2,7,0.5,128,64,32,32,64,32,16,8,32,4,0.550084,1.20519,2.19092,0
2,sm_86,4096,1024,8192,32,4,2,7,0.5,64,64,32,32,64,32,16,8,32,2,0.552992,1.20512,2.17927,0
2,sm_86,4096,1024,8192,32,4,2,7,0.5,64,64,32,32,64,32,16,8,32,3,0.556258,1.20511,2.16645,0
2,sm_86,4096,1024,8192,32,4,2,7,0.5,64,64,32,32,64,32,16,8,32,4,0.635491,1.20516,1.89643,0
2,sm_86,1024,4096,8192,32,4,2,7,0.5,128,64,32,32,64,32,16,8,32,2,0.429887,1.44026,3.35033,0
2,sm_86,1024,4096,8192,32,4,2,7,0.5,128,64,32,32,64,32,16,8,32,3,0.457494,1.44012,3.14784,0
2,sm_86,1024,4096,8192,32,4,2,7,0.5,128,64,32,32,64,32,16,8,32,4,0.519679,1.44028,2.77148,0
2,sm_86,1024,4096,8192,32,4,2,7,0.5,64,64,32,32,64,32,16,8,32,2,0.54907,1.44016,2.6229,0
2,sm_86,1024,4096,8192,32,4,2,7,0.5,64,64,32,32,64,32,16,8,32,3,0.549189,1.44002,2.62209,0
2,sm_86,1024,4096,8192,32,4,2,7,0.5,64,64,32,32,64,32,16,8,32,4,0.583311,1.43987,2.46843,0
2,sm_86,768,768,4096,32,4,2,8,0.5,128,64,32,32,64,32,16,8,32,2,0.0368662,0.121812,3.30416,0
2,sm_86,768,768,4096,32,4,2,8,0.5,128,64,32,32,64,32,16,8,32,3,0.0376557,0.121839,3.23561,0
2,sm_86,768,768,4096,32,4,2,8,0.5,128,64,32,32,64,32,16,8,32,4,0.0425453,0.121823,2.86337,0
2,sm_86,768,768,4096,32,4,2,8,0.5,64,64,32,32,64,32,16,8,32,2,0.0429027,0.121852,2.84018,0
2,sm_86,768,768,4096,32,4,2,8,0.5,64,64,32,32,64,32,16,8,32,3,0.0458646,0.121843,2.65658,0
2,sm_86,768,768,4096,32,4,2,8,0.5,64,64,32,32,64,32,16,8,32,4,0.0510496,0.121852,2.38694,0
2,sm_86,3072,768,4096,32,4,2,8,0.5,128,64,32,32,64,32,16,8,32,2,0.113392,0.369964,3.26269,0
2,sm_86,3072,768,4096,32,4,2,8,0.5,128,64,32,32,64,32,16,8,32,3,0.122623,0.369954,3.017,0
2,sm_86,3072,768,4096,32,4,2,8,0.5,128,64,32,32,64,32,16,8,32,4,0.143823,0.369942,2.57221,0
2,sm_86,3072,768,4096,32,4,2,8,0.5,64,64,32,32,64,32,16,8,32,2,0.143322,0.369901,2.58092,0
2,sm_86,3072,768,4096,32,4,2,8,0.5,64,64,32,32,64,32,16,8,32,3,0.145524,0.369949,2.54219,0
2,sm_86,3072,768,4096,32,4,2,8,0.5,64,64,32,32,64,32,16,8,32,4,0.164604,0.369916,2.2473,0
2,sm_86,768,3072,4096,32,4,2,8,0.5,128,64,32,32,64,32,16,8,32,2,0.134072,0.364883,2.72154,0
2,sm_86,768,3072,4096,32,4,2,8,0.5,128,64,32,32,64,32,16,8,32,3,0.126326,0.36488,2.8884,0
2,sm_86,768,3072,4096,32,4,2,8,0.5,128,64,32,32,64,32,16,8,32,4,0.143504,0.364919,2.54291,0
2,sm_86,768,3072,4096,32,4,2,8,0.5,64,64,32,32,64,32,16,8,32,2,0.149474,0.364864,2.44099,0
2,sm_86,768,3072,4096,32,4,2,8,0.5,64,64,32,32,64,32,16,8,32,3,0.159262,0.364933,2.2914,0
2,sm_86,768,3072,4096,32,4,2,8,0.5,64,64,32,32,64,32,16,8,32,4,0.171793,0.364934,2.12426,0
2,sm_86,1024,1024,4096,32,4,2,8,0.5,128,64,32,32,64,32,16,8,32,2,0.0583699,0.204541,3.50422,0
2,sm_86,1024,1024,4096,32,4,2,8,0.5,128,64,32,32,64,32,16,8,32,3,0.0627405,0.204518,3.25974,0
2,sm_86,1024,1024,4096,32,4,2,8,0.5,128,64,32,32,64,32,16,8,32,4,0.0712675,0.204517,2.86971,0
2,sm_86,1024,1024,4096,32,4,2,8,0.5,64,64,32,32,64,32,16,8,32,2,0.0679181,0.204532,3.01145,0
2,sm_86,1024,1024,4096,32,4,2,8,0.5,64,64,32,32,64,32,16,8,32,3,0.072409,0.204572,2.82524,0
2,sm_86,1024,1024,4096,32,4,2,8,0.5,64,64,32,32,64,32,16,8,32,4,0.0796771,0.204525,2.56692,0
2,sm_86,4096,1024,4096,32,4,2,8,0.5,128,64,32,32,64,32,16,8,32,2,0.188656,0.629877,3.33877,0
2,sm_86,4096,1024,4096,32,4,2,8,0.5,128,64,32,32,64,32,16,8,32,3,0.206973,0.629915,3.04346,0
2,sm_86,4096,1024,4096,32,4,2,8,0.5,128,64,32,32,64,32,16,8,32,4,0.24167,0.6299,2.60645,0
2,sm_86,4096,1024,4096,32,4,2,8,0.5,64,64,32,32,64,32,16,8,32,2,0.246208,0.629899,2.5584,0
2,sm_86,4096,1024,4096,32,4,2,8,0.5,64,64,32,32,64,32,16,8,32,3,0.248172,0.629884,2.53809,0
2,sm_86,4096,1024,4096,32,4,2,8,0.5,64,64,32,32,64,32,16,8,32,4,0.278584,0.629929,2.26118,0
2,sm_86,1024,4096,4096,32,4,2,8,0.5,128,64,32,32,64,32,16,8,32,2,0.209898,0.674186,3.21198,0
2,sm_86,1024,4096,4096,32,4,2,8,0.5,128,64,32,32,64,32,16,8,32,3,0.223249,0.674173,3.01982,0
2,sm_86,1024,4096,4096,32,4,2,8,0.5,128,64,32,32,64,32,16,8,32,4,0.252625,0.676251,2.67689,0
2,sm_86,1024,4096,4096,32,4,2,8,0.5,64,64,32,32,64,32,16,8,32,2,0.253129,0.674158,2.6633,0
2,sm_86,1024,4096,4096,32,4,2,8,0.5,64,64,32,32,64,32,16,8,32,3,0.26305,0.67614,2.57038,0
2,sm_86,1024,4096,4096,32,4,2,8,0.5,64,64,32,32,64,32,16,8,32,4,0.281472,0.674137,2.39505,0
2,sm_86,768,768,8192,32,4,2,8,0.5,128,64,32,32,64,32,16,8,32,2,0.0632531,0.199759,3.1581,0
2,sm_86,768,768,8192,32,4,2,8,0.5,128,64,32,32,64,32,16,8,32,3,0.0677811,0.199844,2.94837,0
2,sm_86,768,768,8192,32,4,2,8,0.5,128,64,32,32,64,32,16,8,32,4,0.077736,0.199731,2.56934,0
2,sm_86,768,768,8192,32,4,2,8,0.5,64,64,32,32,64,32,16,8,32,2,0.076945,0.199743,2.59593,0
2,sm_86,768,768,8192,32,4,2,8,0.5,64,64,32,32,64,32,16,8,32,3,0.0784954,0.199786,2.5452,0
2,sm_86,768,768,8192,32,4,2,8,0.5,64,64,32,32,64,32,16,8,32,4,0.0875158,0.199805,2.28308,0
2,sm_86,3072,768,8192,32,4,2,8,0.5,128,64,32,32,64,32,16,8,32,2,0.218,0.698053,3.20208,0
2,sm_86,3072,768,8192,32,4,2,8,0.5,128,64,32,32,64,32,16,8,32,3,0.234277,0.696545,2.97317,0
2,sm_86,3072,768,8192,32,4,2,8,0.5,128,64,32,32,64,32,16,8,32,4,0.276894,0.696557,2.51561,0
2,sm_86,3072,768,8192,32,4,2,8,0.5,64,64,32,32,64,32,16,8,32,2,0.279656,0.696582,2.49085,0
2,sm_86,3072,768,8192,32,4,2,8,0.5,64,64,32,32,64,32,16,8,32,3,0.280335,0.698607,2.49205,0
2,sm_86,3072,768,8192,32,4,2,8,0.5,64,64,32,32,64,32,16,8,32,4,0.317749,0.696537,2.1921,0
2,sm_86,768,3072,8192,32,4,2,8,0.5,128,64,32,32,64,32,16,8,32,2,0.223966,0.727459,3.24808,0
2,sm_86,768,3072,8192,32,4,2,8,0.5,128,64,32,32,64,32,16,8,32,3,0.237377,0.727556,3.06498,0
2,sm_86,768,3072,8192,32,4,2,8,0.5,128,64,32,32,64,32,16,8,32,4,0.266468,0.727508,2.73019,0
2,sm_86,768,3072,8192,32,4,2,8,0.5,64,64,32,32,64,32,16,8,32,2,0.278689,0.727436,2.6102,0
2,sm_86,768,3072,8192,32,4,2,8,0.5,64,64,32,32,64,32,16,8,32,3,0.277283,0.727512,2.62372,0
2,sm_86,768,3072,8192,32,4,2,8,0.5,64,64,32,32,64,32,16,8,32,4,0.302096,0.72741,2.40788,0
2,sm_86,1024,1024,8192,32,4,2,8,0.5,128,64,32,32,64,32,16,8,32,2,0.101889,0.382596,3.75503,0
2,sm_86,1024,1024,8192,32,4,2,8,0.5,128,64,32,32,64,32,16,8,32,3,0.109711,0.382392,3.48544,0
2,sm_86,1024,1024,8192,32,4,2,8,0.5,128,64,32,32,64,32,16,8,32,4,0.12658,0.382621,3.02275,0
2,sm_86,1024,1024,8192,32,4,2,8,0.5,64,64,32,32,64,32,16,8,32,2,0.126707,0.382438,3.01828,0
2,sm_86,1024,1024,8192,32,4,2,8,0.5,64,64,32,32,64,32,16,8,32,3,0.128376,0.38245,2.97913,0
2,sm_86,1024,1024,8192,32,4,2,8,0.5,64,64,32,32,64,32,16,8,32,4,0.143899,0.382423,2.65758,0
2,sm_86,4096,1024,8192,32,4,2,8,0.5,128,64,32,32,64,32,16,8,32,2,0.36582,1.20847,3.30346,0
2,sm_86,4096,1024,8192,32,4,2,8,0.5,128,64,32,32,64,32,16,8,32,3,0.399977,1.20508,3.01287,0
2,sm_86,4096,1024,8192,32,4,2,8,0.5,128,64,32,32,64,32,16,8,32,4,0.473336,1.20509,2.54595,0
2,sm_86,4096,1024,8192,32,4,2,8,0.5,64,64,32,32,64,32,16,8,32,2,0.474542,1.20523,2.53978,0
2,sm_86,4096,1024,8192,32,4,2,8,0.5,64,64,32,32,64,32,16,8,32,3,0.478025,1.20509,2.52098,0
2,sm_86,4096,1024,8192,32,4,2,8,0.5,64,64,32,32,64,32,16,8,32,4,0.545525,1.20512,2.2091,0
2,sm_86,1024,4096,8192,32,4,2,8,0.5,128,64,32,32,64,32,16,8,32,2,0.371107,1.44011,3.88059,0
2,sm_86,1024,4096,8192,32,4,2,8,0.5,128,64,32,32,64,32,16,8,32,3,0.396417,1.43998,3.63249,0
2,sm_86,1024,4096,8192,32,4,2,8,0.5,128,64,32,32,64,32,16,8,32,4,0.451249,1.44022,3.19164,0
2,sm_86,1024,4096,8192,32,4,2,8,0.5,64,64,32,32,64,32,16,8,32,2,0.47384,1.43988,3.03875,0
2,sm_86,1024,4096,8192,32,4,2,8,0.5,64,64,32,32,64,32,16,8,32,3,0.47425,1.44012,3.03662,0
2,sm_86,1024,4096,8192,32,4,2,8,0.5,64,64,32,32,64,32,16,8,32,4,0.507386,1.43991,2.83791,0
2,sm_86,768,768,4096,32,4,2,10,0.5,128,64,32,32,64,32,16,8,32,2,0.0317107,0.121747,3.8393,0
2,sm_86,768,768,4096,32,4,2,10,0.5,128,64,32,32,64,32,16,8,32,3,0.0324022,0.121832,3.76,0
2,sm_86,768,768,4096,32,4,2,10,0.5,128,64,32,32,64,32,16,8,32,4,0.0379373,0.121747,3.20917,0
2,sm_86,768,768,4096,32,4,2,10,0.5,64,64,32,32,64,32,16,8,32,2,0.0367702,0.121886,3.3148,0
2,sm_86,768,768,4096,32,4,2,10,0.5,64,64,32,32,64,32,16,8,32,3,0.0388653,0.121848,3.13515,0
2,sm_86,768,768,4096,32,4,2,10,0.5,64,64,32,32,64,32,16,8,32,4,0.0442662,0.12191,2.75402,0
2,sm_86,3072,768,4096,32,4,2,10,0.5,128,64,32,32,64,32,16,8,32,2,0.0969709,0.370002,3.8156,0
2,sm_86,3072,768,4096,32,4,2,10,0.5,128,64,32,32,64,32,16,8,32,3,0.105407,0.369976,3.50996,0
2,sm_86,3072,768,4096,32,4,2,10,0.5,128,64,32,32,64,32,16,8,32,4,0.124435,0.371042,2.98181,0
2,sm_86,3072,768,4096,32,4,2,10,0.5,64,64,32,32,64,32,16,8,32,2,0.119526,0.369962,3.09525,0
2,sm_86,3072,768,4096,32,4,2,10,0.5,64,64,32,32,64,32,16,8,32,3,0.123237,0.369986,3.00223,0
2,sm_86,3072,768,4096,32,4,2,10,0.5,64,64,32,32,64,32,16,8,32,4,0.140331,0.369964,2.63636,0
2,sm_86,768,3072,4096,32,4,2,10,0.5,128,64,32,32,64,32,16,8,32,2,0.10041,0.364906,3.63415,0
2,sm_86,768,3072,4096,32,4,2,10,0.5,128,64,32,32,64,32,16,8,32,3,0.103865,0.364896,3.51318,0
2,sm_86,768,3072,4096,32,4,2,10,0.5,128,64,32,32,64,32,16,8,32,4,0.118547,0.364858,3.07775,0
2,sm_86,768,3072,4096,32,4,2,10,0.5,64,64,32,32,64,32,16,8,32,2,0.122576,0.364852,2.97655,0
2,sm_86,768,3072,4096,32,4,2,10,0.5,64,64,32,32,64,32,16,8,32,3,0.13182,0.364853,2.76782,0
2,sm_86,768,3072,4096,32,4,2,10,0.5,64,64,32,32,64,32,16,8,32,4,0.141092,0.364883,2.58613,0
2,sm_86,1024,1024,4096,32,4,2,10,0.5,128,64,32,32,64,32,16,8,32,2,0.0496598,0.204581,4.11965,0
2,sm_86,1024,1024,4096,32,4,2,10,0.5,128,64,32,32,64,32,16,8,32,3,0.0528768,0.204524,3.86794,0
2,sm_86,1024,1024,4096,32,4,2,10,0.5,128,64,32,32,64,32,16,8,32,4,0.060055,0.204566,3.4063,0
2,sm_86,1024,1024,4096,32,4,2,10,0.5,64,64,32,32,64,32,16,8,32,2,0.0576368,0.204521,3.54845,0
2,sm_86,1024,1024,4096,32,4,2,10,0.5,64,64,32,32,64,32,16,8,32,3,0.0605846,0.204551,3.37628,0
2,sm_86,1024,1024,4096,32,4,2,10,0.5,64,64,32,32,64,32,16,8,32,4,0.0668518,0.204518,3.05928,0
2,sm_86,4096,1024,4096,32,4,2,10,0.5,128,64,32,32,64,32,16,8,32,2,0.157996,0.632039,4.00036,0
2,sm_86,4096,1024,4096,32,4,2,10,0.5,128,64,32,32,64,32,16,8,32,3,0.171738,0.629897,3.66779,0
2,sm_86,4096,1024,4096,32,4,2,10,0.5,128,64,32,32,64,32,16,8,32,4,0.20188,0.629864,3.11999,0
2,sm_86,4096,1024,4096,32,4,2,10,0.5,64,64,32,32,64,32,16,8,32,2,0.203418,0.629929,3.09672,0
2,sm_86,4096,1024,4096,32,4,2,10,0.5,64,64,32,32,64,32,16,8,32,3,0.205044,0.629934,3.0722,0
2,sm_86,4096,1024,4096,32,4,2,10,0.5,64,64,32,32,64,32,16,8,32,4,0.230546,0.629898,2.7322,0
2,sm_86,1024,4096,4096,32,4,2,10,0.5,128,64,32,32,64,32,16,8,32,2,0.176692,0.6742,3.81567,0
2,sm_86,1024,4096,4096,32,4,2,10,0.5,128,64,32,32,64,32,16,8,32,3,0.185347,0.67421,3.63756,0
2,sm_86,1024,4096,4096,32,4,2,10,0.5,128,64,32,32,64,32,16,8,32,4,0.208286,0.674214,3.23696,0
2,sm_86,1024,4096,4096,32,4,2,10,0.5,64,64,32,32,64,32,16,8,32,2,0.215463,0.674278,3.12944,0
2,sm_86,1024,4096,4096,32,4,2,10,0.5,64,64,32,32,64,32,16,8,32,3,0.221582,0.674213,3.04272,0
2,sm_86,1024,4096,4096,32,4,2,10,0.5,64,64,32,32,64,32,16,8,32,4,0.233113,0.674228,2.89228,0
2,sm_86,768,768,8192,32,4,2,10,0.5,128,64,32,32,64,32,16,8,32,2,0.0544864,0.19933,3.65834,0
2,sm_86,768,768,8192,32,4,2,10,0.5,128,64,32,32,64,32,16,8,32,3,0.0585526,0.199393,3.40536,0
2,sm_86,768,768,8192,32,4,2,10,0.5,128,64,32,32,64,32,16,8,32,4,0.0671226,0.199244,2.96836,0
2,sm_86,768,768,8192,32,4,2,10,0.5,64,64,32,32,64,32,16,8,32,2,0.0645965,0.199263,3.08474,0
2,sm_86,768,768,8192,32,4,2,10,0.5,64,64,32,32,64,32,16,8,32,3,0.0677152,0.199239,2.94231,0
2,sm_86,768,768,8192,32,4,2,10,0.5,64,64,32,32,64,32,16,8,32,4,0.0749987,0.199248,2.65668,0
2,sm_86,3072,768,8192,32,4,2,10,0.5,128,64,32,32,64,32,16,8,32,2,0.184594,0.6966,3.7737,0
2,sm_86,3072,768,8192,32,4,2,10,0.5,128,64,32,32,64,32,16,8,32,3,0.201876,0.696576,3.45051,0
2,sm_86,3072,768,8192,32,4,2,10,0.5,128,64,32,32,64,32,16,8,32,4,0.238935,0.69655,2.91523,0
2,sm_86,3072,768,8192,32,4,2,10,0.5,64,64,32,32,64,32,16,8,32,2,0.231411,0.696613,3.01029,0
2,sm_86,3072,768,8192,32,4,2,10,0.5,64,64,32,32,64,32,16,8,32,3,0.234286,0.69661,2.97333,0
2,sm_86,3072,768,8192,32,4,2,10,0.5,64,64,32,32,64,32,16,8,32,4,0.268864,0.696542,2.59068,0
2,sm_86,768,3072,8192,32,4,2,10,0.5,128,64,32,32,64,32,16,8,32,2,0.18289,0.727468,3.97764,0
2,sm_86,768,3072,8192,32,4,2,10,0.5,128,64,32,32,64,32,16,8,32,3,0.194616,0.727596,3.73863,0
2,sm_86,768,3072,8192,32,4,2,10,0.5,128,64,32,32,64,32,16,8,32,4,0.219294,0.72749,3.31741,0
2,sm_86,768,3072,8192,32,4,2,10,0.5,64,64,32,32,64,32,16,8,32,2,0.221764,0.727521,3.2806,0
2,sm_86,768,3072,8192,32,4,2,10,0.5,64,64,32,32,64,32,16,8,32,3,0.225589,0.727507,3.22493,0
2,sm_86,768,3072,8192,32,4,2,10,0.5,64,64,32,32,64,32,16,8,32,4,0.246516,0.727447,2.95091,0
2,sm_86,1024,1024,8192,32,4,2,10,0.5,128,64,32,32,64,32,16,8,32,2,0.0858282,0.382621,4.45799,0
2,sm_86,1024,1024,8192,32,4,2,10,0.5,128,64,32,32,64,32,16,8,32,3,0.0920925,0.382357,4.15188,0
2,sm_86,1024,1024,8192,32,4,2,10,0.5,128,64,32,32,64,32,16,8,32,4,0.106769,0.382592,3.58337,0
2,sm_86,1024,1024,8192,32,4,2,10,0.5,64,64,32,32,64,32,16,8,32,2,0.105821,0.382469,3.6143,0
2,sm_86,1024,1024,8192,32,4,2,10,0.5,64,64,32,32,64,32,16,8,32,3,0.106771,0.382446,3.58192,0
2,sm_86,1024,1024,8192,32,4,2,10,0.5,64,64,32,32,64,32,16,8,32,4,0.119854,0.382495,3.19134,0
2,sm_86,4096,1024,8192,32,4,2,10,0.5,128,64,32,32,64,32,16,8,32,2,0.305235,1.2051,3.94811,0
2,sm_86,4096,1024,8192,32,4,2,10,0.5,128,64,32,32,64,32,16,8,32,3,0.331135,1.20514,3.63942,0
2,sm_86,4096,1024,8192,32,4,2,10,0.5,128,64,32,32,64,32,16,8,32,4,0.392477,1.20515,3.07063,0
2,sm_86,4096,1024,8192,32,4,2,10,0.5,64,64,32,32,64,32,16,8,32,2,0.384518,1.20513,3.13412,0
2,sm_86,4096,1024,8192,32,4,2,10,0.5,64,64,32,32,64,32,16,8,32,3,0.388414,1.20516,3.10276,0
2,sm_86,4096,1024,8192,32,4,2,10,0.5,64,64,32,32,64,32,16,8,32,4,0.448747,1.20515,2.68559,0
2,sm_86,1024,4096,8192,32,4,2,10,0.5,128,64,32,32,64,32,16,8,32,2,0.308111,1.44307,4.6836,0
2,sm_86,1024,4096,8192,32,4,2,10,0.5,128,64,32,32,64,32,16,8,32,3,0.326936,1.44021,4.40516,0
2,sm_86,1024,4096,8192,32,4,2,10,0.5,128,64,32,32,64,32,16,8,32,4,0.371624,1.44016,3.87532,0
2,sm_86,1024,4096,8192,32,4,2,10,0.5,64,64,32,32,64,32,16,8,32,2,0.395093,1.44017,3.64514,0
2,sm_86,1024,4096,8192,32,4,2,10,0.5,64,64,32,32,64,32,16,8,32,3,0.393079,1.4403,3.66416,0
2,sm_86,1024,4096,8192,32,4,2,10,0.5,64,64,32,32,64,32,16,8,32,4,0.419013,1.44023,3.43719,0
2,sm_86,768,768,4096,32,4,2,20,0.5,128,64,32,32,64,32,16,8,32,2,0.0218531,0.121695,5.56877,0
2,sm_86,768,768,4096,32,4,2,20,0.5,128,64,32,32,64,32,16,8,32,3,0.0225872,0.121709,5.3884,0
2,sm_86,768,768,4096,32,4,2,20,0.5,128,64,32,32,64,32,16,8,32,4,0.0260134,0.121718,4.67906,0
2,sm_86,768,768,4096,32,4,2,20,0.5,64,64,32,32,64,32,16,8,32,2,0.0230794,0.121698,5.27302,0
2,sm_86,768,768,4096,32,4,2,20,0.5,64,64,32,32,64,32,16,8,32,3,0.0266061,0.121644,4.57202,0
2,sm_86,768,768,4096,32,4,2,20,0.5,64,64,32,32,64,32,16,8,32,4,0.0275526,0.121735,4.41828,0
2,sm_86,3072,768,4096,32,4,2,20,0.5,128,64,32,32,64,32,16,8,32,2,0.0576032,0.369916,6.42179,0
2,sm_86,3072,768,4096,32,4,2,20,0.5,128,64,32,32,64,32,16,8,32,3,0.0625533,0.369931,5.91385,0
2,sm_86,3072,768,4096,32,4,2,20,0.5,128,64,32,32,64,32,16,8,32,4,0.0744102,0.369918,4.97133,0
2,sm_86,3072,768,4096,32,4,2,20,0.5,64,64,32,32,64,32,16,8,32,2,0.070361,0.36998,5.25831,0
2,sm_86,3072,768,4096,32,4,2,20,0.5,64,64,32,32,64,32,16,8,32,3,0.0750253,0.369897,4.93029,0
2,sm_86,3072,768,4096,32,4,2,20,0.5,64,64,32,32,64,32,16,8,32,4,0.0827882,0.369949,4.46862,0
2,sm_86,768,3072,4096,32,4,2,20,0.5,128,64,32,32,64,32,16,8,32,2,0.0624717,0.364847,5.84019,0
2,sm_86,768,3072,4096,32,4,2,20,0.5,128,64,32,32,64,32,16,8,32,3,0.0591005,0.364867,6.17367,0
2,sm_86,768,3072,4096,32,4,2,20,0.5,128,64,32,32,64,32,16,8,32,4,0.0667245,0.364848,5.46797,0
2,sm_86,768,3072,4096,32,4,2,20,0.5,64,64,32,32,64,32,16,8,32,2,0.0663283,0.36486,5.50082,0
2,sm_86,768,3072,4096,32,4,2,20,0.5,64,64,32,32,64,32,16,8,32,3,0.0703712,0.364892,5.18525,0
2,sm_86,768,3072,4096,32,4,2,20,0.5,64,64,32,32,64,32,16,8,32,4,0.079343,0.364879,4.59875,0
2,sm_86,1024,1024,4096,32,4,2,20,0.5,128,64,32,32,64,32,16,8,32,2,0.0313072,0.204522,6.53273,0
2,sm_86,1024,1024,4096,32,4,2,20,0.5,128,64,32,32,64,32,16,8,32,3,0.0333821,0.204526,6.12682,0
2,sm_86,1024,1024,4096,32,4,2,20,0.5,128,64,32,32,64,32,16,8,32,4,0.0384246,0.204561,5.32369,0
2,sm_86,1024,1024,4096,32,4,2,20,0.5,64,64,32,32,64,32,16,8,32,2,0.0357098,0.204486,5.72633,0
2,sm_86,1024,1024,4096,32,4,2,20,0.5,64,64,32,32,64,32,16,8,32,3,0.0383293,0.204558,5.33686,0
2,sm_86,1024,1024,4096,32,4,2,20,0.5,64,64,32,32,64,32,16,8,32,4,0.042432,0.204541,4.82045,0
2,sm_86,4096,1024,4096,32,4,2,20,0.5,128,64,32,32,64,32,16,8,32,2,0.0932854,0.633008,6.78571,0
2,sm_86,4096,1024,4096,32,4,2,20,0.5,128,64,32,32,64,32,16,8,32,3,0.101425,0.629909,6.21061,0
2,sm_86,4096,1024,4096,32,4,2,20,0.5,128,64,32,32,64,32,16,8,32,4,0.122233,0.6299,5.15326,0
2,sm_86,4096,1024,4096,32,4,2,20,0.5,64,64,32,32,64,32,16,8,32,2,0.11337,0.629898,5.55613,0
2,sm_86,4096,1024,4096,32,4,2,20,0.5,64,64,32,32,64,32,16,8,32,3,0.120299,0.629942,5.23647,0
2,sm_86,4096,1024,4096,32,4,2,20,0.5,64,64,32,32,64,32,16,8,32,4,0.133865,0.62992,4.70563,0
2,sm_86,1024,4096,4096,32,4,2,20,0.5,128,64,32,32,64,32,16,8,32,2,0.0909101,0.674221,7.41635,0
2,sm_86,1024,4096,4096,32,4,2,20,0.5,128,64,32,32,64,32,16,8,32,3,0.0974755,0.67422,6.91681,0
2,sm_86,1024,4096,4096,32,4,2,20,0.5,128,64,32,32,64,32,16,8,32,4,0.110434,0.674264,6.10557,0
2,sm_86,1024,4096,4096,32,4,2,20,0.5,64,64,32,32,64,32,16,8,32,2,0.105262,0.674227,6.4052,0
2,sm_86,1024,4096,4096,32,4,2,20,0.5,64,64,32,32,64,32,16,8,32,3,0.111089,0.674192,6.06892,0
2,sm_86,1024,4096,4096,32,4,2,20,0.5,64,64,32,32,64,32,16,8,32,4,0.12379,0.674232,5.44659,0
2,sm_86,768,768,8192,32,4,2,20,0.5,128,64,32,32,64,32,16,8,32,2,0.0360256,0.199132,5.52751,0
2,sm_86,768,768,8192,32,4,2,20,0.5,128,64,32,32,64,32,16,8,32,3,0.0382038,0.199161,5.21312,0
2,sm_86,768,768,8192,32,4,2,20,0.5,128,64,32,32,64,32,16,8,32,4,0.0435379,0.199161,4.57443,0
2,sm_86,768,768,8192,32,4,2,20,0.5,64,64,32,32,64,32,16,8,32,2,0.0419082,0.199282,4.75521,0
2,sm_86,768,768,8192,32,4,2,20,0.5,64,64,32,32,64,32,16,8,32,3,0.0433501,0.199218,4.59556,0
2,sm_86,768,768,8192,32,4,2,20,0.5,64,64,32,32,64,32,16,8,32,4,0.0463808,0.199683,4.30529,0
2,sm_86,3072,768,8192,32,4,2,20,0.5,128,64,32,32,64,32,16,8,32,2,0.108301,0.696604,6.4321,0
2,sm_86,3072,768,8192,32,4,2,20,0.5,128,64,32,32,64,32,16,8,32,3,0.116978,0.696608,5.95504,0
2,sm_86,3072,768,8192,32,4,2,20,0.5,128,64,32,32,64,32,16,8,32,4,0.140153,0.696567,4.97004,0
2,sm_86,3072,768,8192,32,4,2,20,0.5,64,64,32,32,64,32,16,8,32,2,0.131927,0.696511,5.27951,0
2,sm_86,3072,768,8192,32,4,2,20,0.5,64,64,32,32,64,32,16,8,32,3,0.14122,0.696514,4.93213,0
2,sm_86,3072,768,8192,32,4,2,20,0.5,64,64,32,32,64,32,16,8,32,4,0.158082,0.69653,4.40614,0
2,sm_86,768,3072,8192,32,4,2,20,0.5,128,64,32,32,64,32,16,8,32,2,0.0992416,0.72742,7.32979,0
2,sm_86,768,3072,8192,32,4,2,20,0.5,128,64,32,32,64,32,16,8,32,3,0.106881,0.727576,6.80737,0
2,sm_86,768,3072,8192,32,4,2,20,0.5,128,64,32,32,64,32,16,8,32,4,0.121269,0.727471,5.99883,0
2,sm_86,768,3072,8192,32,4,2,20,0.5,64,64,32,32,64,32,16,8,32,2,0.120606,0.72747,6.0318,0
2,sm_86,768,3072,8192,32,4,2,20,0.5,64,64,32,32,64,32,16,8,32,3,0.121985,0.727439,5.96334,0
2,sm_86,768,3072,8192,32,4,2,20,0.5,64,64,32,32,64,32,16,8,32,4,0.136616,0.727492,5.3251,0
2,sm_86,1024,1024,8192,32,4,2,20,0.5,128,64,32,32,64,32,16,8,32,2,0.0530118,0.382605,7.21736,0
2,sm_86,1024,1024,8192,32,4,2,20,0.5,128,64,32,32,64,32,16,8,32,3,0.0567162,0.382464,6.74347,0
2,sm_86,1024,1024,8192,32,4,2,20,0.5,128,64,32,32,64,32,16,8,32,4,0.067159,0.38262,5.69723,0
2,sm_86,1024,1024,8192,32,4,2,20,0.5,64,64,32,32,64,32,16,8,32,2,0.0633686,0.382516,6.03637,0
2,sm_86,1024,1024,8192,32,4,2,20,0.5,64,64,32,32,64,32,16,8,32,3,0.0673558,0.382444,5.67796,0
2,sm_86,1024,1024,8192,32,4,2,20,0.5,64,64,32,32,64,32,16,8,32,4,0.0728086,0.382453,5.25285,0
2,sm_86,4096,1024,8192,32,4,2,20,0.5,128,64,32,32,64,32,16,8,32,2,0.17724,1.20508,6.79913,0
2,sm_86,4096,1024,8192,32,4,2,20,0.5,128,64,32,32,64,32,16,8,32,3,0.195101,1.20509,6.17673,0
2,sm_86,4096,1024,8192,32,4,2,20,0.5,128,64,32,32,64,32,16,8,32,4,0.236718,1.20512,5.09093,0
2,sm_86,4096,1024,8192,32,4,2,20,0.5,64,64,32,32,64,32,16,8,32,2,0.210817,1.20512,5.71642,0
2,sm_86,4096,1024,8192,32,4,2,20,0.5,64,64,32,32,64,32,16,8,32,3,0.233709,1.20508,5.15633,0
2,sm_86,4096,1024,8192,32,4,2,20,0.5,64,64,32,32,64,32,16,8,32,4,0.255736,1.20512,4.71237,0
2,sm_86,1024,4096,8192,32,4,2,20,0.5,128,64,32,32,64,32,16,8,32,2,0.159303,1.4403,9.04129,0
2,sm_86,1024,4096,8192,32,4,2,20,0.5,128,64,32,32,64,32,16,8,32,3,0.171567,1.44017,8.3942,0
2,sm_86,1024,4096,8192,32,4,2,20,0.5,128,64,32,32,64,32,16,8,32,4,0.197408,1.44033,7.29624,0
2,sm_86,1024,4096,8192,32,4,2,20,0.5,64,64,32,32,64,32,16,8,32,2,0.197162,1.44001,7.30369,0
2,sm_86,1024,4096,8192,32,4,2,20,0.5,64,64,32,32,64,32,16,8,32,3,0.198814,1.44019,7.2439,0
2,sm_86,1024,4096,8192,32,4,2,20,0.5,64,64,32,32,64,32,16,8,32,4,0.222247,1.44017,6.48004,0
2,sm_86,768,768,4096,32,4,2,40,0.5,128,64,32,32,64,32,16,8,32,2,0.0180147,0.121663,6.75355,0
2,sm_86,768,768,4096,32,4,2,40,0.5,128,64,32,32,64,32,16,8,32,3,0.018449,0.121716,6.59747,0
2,sm_86,768,768,4096,32,4,2,40,0.5,128,64,32,32,64,32,16,8,32,4,0.0200781,0.12196,6.07429,0
2,sm_86,768,768,4096,32,4,2,40,0.5,64,64,32,32,64,32,16,8,32,2,0.0189693,0.121863,6.42421,0
2,sm_86,768,768,4096,32,4,2,40,0.5,64,64,32,32,64,32,16,8,32,3,0.0215744,0.121895,5.64998,0
2,sm_86,768,768,4096,32,4,2,40,0.5,64,64,32,32,64,32,16,8,32,4,0.020353,0.121631,5.97609,0
2,sm_86,3072,768,4096,32,4,2,40,0.5,128,64,32,32,64,32,16,8,32,2,0.047519,0.369957,7.78544,0
2,sm_86,3072,768,4096,32,4,2,40,0.5,128,64,32,32,64,32,16,8,32,3,0.0490336,0.369962,7.54507,0
2,sm_86,3072,768,4096,32,4,2,40,0.5,128,64,32,32,64,32,16,8,32,4,0.0541824,0.36989,6.82676,0
2,sm_86,3072,768,4096,32,4,2,40,0.5,64,64,32,32,64,32,16,8,32,2,0.054816,0.36995,6.74895,0
2,sm_86,3072,768,4096,32,4,2,40,0.5,64,64,32,32,64,32,16,8,32,3,0.0558912,0.369922,6.6186,0
2,sm_86,3072,768,4096,32,4,2,40,0.5,64,64,32,32,64,32,16,8,32,4,0.0607706,0.369965,6.0879,0
2,sm_86,768,3072,4096,32,4,2,40,0.5,128,64,32,32,64,32,16,8,32,2,0.0326893,0.364854,11.1613,0
2,sm_86,768,3072,4096,32,4,2,40,0.5,128,64,32,32,64,32,16,8,32,3,0.033481,0.364829,10.8966,0
2,sm_86,768,3072,4096,32,4,2,40,0.5,128,64,32,32,64,32,16,8,32,4,0.0390752,0.364865,9.33751,0
2,sm_86,768,3072,4096,32,4,2,40,0.5,64,64,32,32,64,32,16,8,32,2,0.0378742,0.364903,9.63461,0
2,sm_86,768,3072,4096,32,4,2,40,0.5,64,64,32,32,64,32,16,8,32,3,0.0433216,0.364849,8.42186,0
2,sm_86,768,3072,4096,32,4,2,40,0.5,64,64,32,32,64,32,16,8,32,4,0.0469136,0.36481,7.77621,0
2,sm_86,1024,1024,4096,32,4,2,40,0.5,128,64,32,32,64,32,16,8,32,2,0.0240774,0.204567,8.4962,0
2,sm_86,1024,1024,4096,32,4,2,40,0.5,128,64,32,32,64,32,16,8,32,3,0.025288,0.204522,8.08771,0
2,sm_86,1024,1024,4096,32,4,2,40,0.5,128,64,32,32,64,32,16,8,32,4,0.0292285,0.204522,6.99734,0
2,sm_86,1024,1024,4096,32,4,2,40,0.5,64,64,32,32,64,32,16,8,32,2,0.0272755,0.204497,7.49747,0
2,sm_86,1024,1024,4096,32,4,2,40,0.5,64,64,32,32,64,32,16,8,32,3,0.0281059,0.204561,7.27823,0
2,sm_86,1024,1024,4096,32,4,2,40,0.5,64,64,32,32,64,32,16,8,32,4,0.0296115,0.204544,6.90759,0
2,sm_86,4096,1024,4096,32,4,2,40,0.5,128,64,32,32,64,32,16,8,32,2,0.0654275,0.629876,9.62708,0
2,sm_86,4096,1024,4096,32,4,2,40,0.5,128,64,32,32,64,32,16,8,32,3,0.0697568,0.629909,9.03007,0
2,sm_86,4096,1024,4096,32,4,2,40,0.5,128,64,32,32,64,32,16,8,32,4,0.0821613,0.629879,7.66638,0
2,sm_86,4096,1024,4096,32,4,2,40,0.5,64,64,32,32,64,32,16,8,32,2,0.0773347,0.629858,8.14457,0
2,sm_86,4096,1024,4096,32,4,2,40,0.5,64,64,32,32,64,32,16,8,32,3,0.0794819,0.629886,7.9249,0
2,sm_86,4096,1024,4096,32,4,2,40,0.5,64,64,32,32,64,32,16,8,32,4,0.0908685,0.629928,6.9323,0
2,sm_86,1024,4096,4096,32,4,2,40,0.5,128,64,32,32,64,32,16,8,32,2,0.0500397,0.674251,13.4743,0
2,sm_86,1024,4096,4096,32,4,2,40,0.5,128,64,32,32,64,32,16,8,32,3,0.054256,0.674205,12.4264,0
2,sm_86,1024,4096,4096,32,4,2,40,0.5,128,64,32,32,64,32,16,8,32,4,0.0615741,0.674147,10.9485,0
2,sm_86,1024,4096,4096,32,4,2,40,0.5,64,64,32,32,64,32,16,8,32,2,0.0589898,0.674215,11.4294,0
2,sm_86,1024,4096,4096,32,4,2,40,0.5,64,64,32,32,64,32,16,8,32,3,0.0654528,0.674231,10.301,0
2,sm_86,1024,4096,4096,32,4,2,40,0.5,64,64,32,32,64,32,16,8,32,4,0.0712266,0.674203,9.46561,0
2,sm_86,768,768,8192,32,4,2,40,0.5,128,64,32,32,64,32,16,8,32,2,0.0302867,0.199037,6.57176,0
2,sm_86,768,768,8192,32,4,2,40,0.5,128,64,32,32,64,32,16,8,32,3,0.0312166,0.199054,6.37653,0
2,sm_86,768,768,8192,32,4,2,40,0.5,128,64,32,32,64,32,16,8,32,4,0.0326762,0.19906,6.09191,0
2,sm_86,768,768,8192,32,4,2,40,0.5,64,64,32,32,64,32,16,8,32,2,0.0343213,0.199237,5.80505,0
2,sm_86,768,768,8192,32,4,2,40,0.5,64,64,32,32,64,32,16,8,32,3,0.0355418,0.199244,5.60591,0
2,sm_86,768,768,8192,32,4,2,40,0.5,64,64,32,32,64,32,16,8,32,4,0.0341021,0.199252,5.84281,0
2,sm_86,3072,768,8192,32,4,2,40,0.5,128,64,32,32,64,32,16,8,32,2,0.0904326,0.696515,7.70203,0
2,sm_86,3072,768,8192,32,4,2,40,0.5,128,64,32,32,64,32,16,8,32,3,0.0913558,0.696607,7.62521,0
2,sm_86,3072,768,8192,32,4,2,40,0.5,128,64,32,32,64,32,16,8,32,4,0.101488,0.696551,6.86336,0
2,sm_86,3072,768,8192,32,4,2,40,0.5,64,64,32,32,64,32,16,8,32,2,0.104899,0.696532,6.64003,0
2,sm_86,3072,768,8192,32,4,2,40,0.5,64,64,32,32,64,32,16,8,32,3,0.103638,0.696571,6.7212,0
2,sm_86,3072,768,8192,32,4,2,40,0.5,64,64,32,32,64,32,16,8,32,4,0.115358,0.696542,6.03809,0
2,sm_86,768,3072,8192,32,4,2,40,0.5,128,64,32,32,64,32,16,8,32,2,0.0567901,0.727451,12.8095,0
2,sm_86,768,3072,8192,32,4,2,40,0.5,128,64,32,32,64,32,16,8,32,3,0.0614781,0.727534,11.834,0
2,sm_86,768,3072,8192,32,4,2,40,0.5,128,64,32,32,64,32,16,8,32,4,0.0692298,0.72751,10.5086,0
2,sm_86,768,3072,8192,32,4,2,40,0.5,64,64,32,32,64,32,16,8,32,2,0.072184,0.731247,10.1303,0
2,sm_86,768,3072,8192,32,4,2,40,0.5,64,64,32,32,64,32,16,8,32,3,0.0738621,0.72939,9.87503,0
2,sm_86,768,3072,8192,32,4,2,40,0.5,64,64,32,32,64,32,16,8,32,4,0.0805872,0.727496,9.02744,0
2,sm_86,1024,1024,8192,32,4,2,40,0.5,128,64,32,32,64,32,16,8,32,2,0.0424595,0.382452,9.00745,0
2,sm_86,1024,1024,8192,32,4,2,40,0.5,128,64,32,32,64,32,16,8,32,3,0.0418512,0.382402,9.13718,0
2,sm_86,1024,1024,8192,32,4,2,40,0.5,128,64,32,32,64,32,16,8,32,4,0.0479603,0.382454,7.97438,0
2,sm_86,1024,1024,8192,32,4,2,40,0.5,64,64,32,32,64,32,16,8,32,2,0.0483379,0.382379,7.91053,0
2,sm_86,1024,1024,8192,32,4,2,40,0.5,64,64,32,32,64,32,16,8,32,3,0.0474227,0.38242,8.06408,0
2,sm_86,1024,1024,8192,32,4,2,40,0.5,64,64,32,32,64,32,16,8,32,4,0.0511834,0.382485,7.47284,0
2,sm_86,4096,1024,8192,32,4,2,40,0.5,128,64,32,32,64,32,16,8,32,2,0.124415,1.20503,9.68559,0
2,sm_86,4096,1024,8192,32,4,2,40,0.5,128,64,32,32,64,32,16,8,32,3,0.132164,1.20506,9.11791,0
2,sm_86,4096,1024,8192,32,4,2,40,0.5,128,64,32,32,64,32,16,8,32,4,0.157558,1.20507,7.6484,0
2,sm_86,4096,1024,8192,32,4,2,40,0.5,64,64,32,32,64,32,16,8,32,2,0.14997,1.2051,8.0356,0
2,sm_86,4096,1024,8192,32,4,2,40,0.5,64,64,32,32,64,32,16,8,32,3,0.152217,1.20505,7.91669,0
2,sm_86,4096,1024,8192,32,4,2,40,0.5,64,64,32,32,64,32,16,8,32,4,0.176125,1.20501,6.84178,0
2,sm_86,1024,4096,8192,32,4,2,40,0.5,128,64,32,32,64,32,16,8,32,2,0.0867437,1.44016,16.6025,0
2,sm_86,1024,4096,8192,32,4,2,40,0.5,128,64,32,32,64,32,16,8,32,3,0.0937178,1.44004,15.3657,0
2,sm_86,1024,4096,8192,32,4,2,40,0.5,128,64,32,32,64,32,16,8,32,4,0.10816,1.44021,13.3155,0
2,sm_86,1024,4096,8192,32,4,2,40,0.5,64,64,32,32,64,32,16,8,32,2,0.10855,1.44013,13.267,0
2,sm_86,1024,4096,8192,32,4,2,40,0.5,64,64,32,32,64,32,16,8,32,3,0.114863,1.4402,12.5384,0
2,sm_86,1024,4096,8192,32,4,2,40,0.5,64,64,32,32,64,32,16,8,32,4,0.123861,1.44025,11.6279,0
2,sm_86,768,768,4096,32,4,2,100,0.5,128,64,32,32,64,32,16,8,32,2,0.013743,0.121812,8.86351,0
2,sm_86,768,768,4096,32,4,2,100,0.5,128,64,32,32,64,32,16,8,32,3,0.0135194,0.121828,9.01134,0
2,sm_86,768,768,4096,32,4,2,100,0.5,128,64,32,32,64,32,16,8,32,4,0.0150522,0.1218,8.09188,0
2,sm_86,768,768,4096,32,4,2,100,0.5,64,64,32,32,64,32,16,8,32,2,0.0137027,0.12173,8.88363,0
2,sm_86,768,768,4096,32,4,2,100,0.5,64,64,32,32,64,32,16,8,32,3,0.0147379,0.121724,8.25925,0
2,sm_86,768,768,4096,32,4,2,100,0.5,64,64,32,32,64,32,16,8,32,4,0.0150867,0.12169,8.06605,0
2,sm_86,3072,768,4096,32,4,2,100,0.5,128,64,32,32,64,32,16,8,32,2,0.0412288,0.369857,8.97083,0
2,sm_86,3072,768,4096,32,4,2,100,0.5,128,64,32,32,64,32,16,8,32,3,0.0420883,0.370944,8.81347,0
2,sm_86,3072,768,4096,32,4,2,100,0.5,128,64,32,32,64,32,16,8,32,4,0.044305,0.371104,8.37613,0
2,sm_86,3072,768,4096,32,4,2,100,0.5,64,64,32,32,64,32,16,8,32,2,0.0421376,0.37109,8.80663,0
2,sm_86,3072,768,4096,32,4,2,100,0.5,64,64,32,32,64,32,16,8,32,3,0.043169,0.370914,8.59214,0
2,sm_86,3072,768,4096,32,4,2,100,0.5,64,64,32,32,64,32,16,8,32,4,0.0458659,0.370995,8.08868,0
2,sm_86,768,3072,4096,32,4,2,100,0.5,128,64,32,32,64,32,16,8,32,2,0.0204947,0.366096,17.8629,0
2,sm_86,768,3072,4096,32,4,2,100,0.5,128,64,32,32,64,32,16,8,32,3,0.0217283,0.366345,16.8603,0
2,sm_86,768,3072,4096,32,4,2,100,0.5,128,64,32,32,64,32,16,8,32,4,0.025168,0.366107,14.5465,0
2,sm_86,768,3072,4096,32,4,2,100,0.5,64,64,32,32,64,32,16,8,32,2,0.0233853,0.366288,15.6632,0
2,sm_86,768,3072,4096,32,4,2,100,0.5,64,64,32,32,64,32,16,8,32,3,0.0270422,0.36622,13.5425,0
2,sm_86,768,3072,4096,32,4,2,100,0.5,64,64,32,32,64,32,16,8,32,4,0.0279622,0.366346,13.1014,0
2,sm_86,1024,1024,4096,32,4,2,100,0.5,128,64,32,32,64,32,16,8,32,2,0.0191114,0.205002,10.7267,0
2,sm_86,1024,1024,4096,32,4,2,100,0.5,128,64,32,32,64,32,16,8,32,3,0.0177958,0.205052,11.5225,0
2,sm_86,1024,1024,4096,32,4,2,100,0.5,128,64,32,32,64,32,16,8,32,4,0.0202336,0.204978,10.1306,0
2,sm_86,1024,1024,4096,32,4,2,100,0.5,64,64,32,32,64,32,16,8,32,2,0.0214774,0.204991,9.54448,0
2,sm_86,1024,1024,4096,32,4,2,100,0.5,64,64,32,32,64,32,16,8,32,3,0.0202573,0.204997,10.1197,0
2,sm_86,1024,1024,4096,32,4,2,100,0.5,64,64,32,32,64,32,16,8,32,4,0.0214253,0.204982,9.56728,0
2,sm_86,4096,1024,4096,32,4,2,100,0.5,128,64,32,32,64,32,16,8,32,2,0.0565693,0.630603,11.1474,0
2,sm_86,4096,1024,4096,32,4,2,100,0.5,128,64,32,32,64,32,16,8,32,3,0.056313,0.629895,11.1856,0
2,sm_86,4096,1024,4096,32,4,2,100,0.5,128,64,32,32,64,32,16,8,32,4,0.0626074,0.629882,10.0608,0
2,sm_86,4096,1024,4096,32,4,2,100,0.5,64,64,32,32,64,32,16,8,32,2,0.0609539,0.629845,10.3331,0
2,sm_86,4096,1024,4096,32,4,2,100,0.5,64,64,32,32,64,32,16,8,32,3,0.0596048,0.629869,10.5674,0
2,sm_86,4096,1024,4096,32,4,2,100,0.5,64,64,32,32,64,32,16,8,32,4,0.0684771,0.629883,9.19845,0
2,sm_86,1024,4096,4096,32,4,2,100,0.5,128,64,32,32,64,32,16,8,32,2,0.0313098,0.674219,21.5338,0
2,sm_86,1024,4096,4096,32,4,2,100,0.5,128,64,32,32,64,32,16,8,32,3,0.0335136,0.674158,20.116,0
2,sm_86,1024,4096,4096,32,4,2,100,0.5,128,64,32,32,64,32,16,8,32,4,0.0377952,0.674178,17.8377,0
2,sm_86,1024,4096,4096,32,4,2,100,0.5,64,64,32,32,64,32,16,8,32,2,0.038592,0.674174,17.4693,0
2,sm_86,1024,4096,4096,32,4,2,100,0.5,64,64,32,32,64,32,16,8,32,3,0.0414806,0.676157,16.3005,0
2,sm_86,1024,4096,4096,32,4,2,100,0.5,64,64,32,32,64,32,16,8,32,4,0.0419981,0.676178,16.1002,0
2,sm_86,768,768,8192,32,4,2,100,0.5,128,64,32,32,64,32,16,8,32,2,0.0228314,0.199526,8.73912,0
2,sm_86,768,768,8192,32,4,2,100,0.5,128,64,32,32,64,32,16,8,32,3,0.0227971,0.19952,8.752,0
2,sm_86,768,768,8192,32,4,2,100,0.5,128,64,32,32,64,32,16,8,32,4,0.0255968,0.199137,7.77976,0
2,sm_86,768,768,8192,32,4,2,100,0.5,64,64,32,32,64,32,16,8,32,2,0.0245677,0.199254,8.11043,0
2,sm_86,768,768,8192,32,4,2,100,0.5,64,64,32,32,64,32,16,8,32,3,0.024727,0.199198,8.05588,0
2,sm_86,768,768,8192,32,4,2,100,0.5,64,64,32,32,64,32,16,8,32,4,0.0258003,0.199135,7.71833,0
2,sm_86,3072,768,8192,32,4,2,100,0.5,128,64,32,32,64,32,16,8,32,2,0.0805731,0.69811,8.6643,0
2,sm_86,3072,768,8192,32,4,2,100,0.5,128,64,32,32,64,32,16,8,32,3,0.0812829,0.698829,8.59749,0
2,sm_86,3072,768,8192,32,4,2,100,0.5,128,64,32,32,64,32,16,8,32,4,0.0837008,0.698161,8.34115,0
2,sm_86,3072,768,8192,32,4,2,100,0.5,64,64,32,32,64,32,16,8,32,2,0.0835747,0.69893,8.36293,0
2,sm_86,3072,768,8192,32,4,2,100,0.5,64,64,32,32,64,32,16,8,32,3,0.0846589,0.696558,8.22782,0
2,sm_86,3072,768,8192,32,4,2,100,0.5,64,64,32,32,64,32,16,8,32,4,0.0878925,0.696508,7.92455,0
2,sm_86,768,3072,8192,32,4,2,100,0.5,128,64,32,32,64,32,16,8,32,2,0.0367094,0.727452,19.8165,0
2,sm_86,768,3072,8192,32,4,2,100,0.5,128,64,32,32,64,32,16,8,32,3,0.0369485,0.727526,19.6903,0
2,sm_86,768,3072,8192,32,4,2,100,0.5,128,64,32,32,64,32,16,8,32,4,0.0420166,0.727455,17.3135,0
2,sm_86,768,3072,8192,32,4,2,100,0.5,64,64,32,32,64,32,16,8,32,2,0.0443318,0.727433,16.4088,0
2,sm_86,768,3072,8192,32,4,2,100,0.5,64,64,32,32,64,32,16,8,32,3,0.0457418,0.727431,15.903,0
2,sm_86,768,3072,8192,32,4,2,100,0.5,64,64,32,32,64,32,16,8,32,4,0.0473622,0.727463,15.3595,0
2,sm_86,1024,1024,8192,32,4,2,100,0.5,128,64,32,32,64,32,16,8,32,2,0.0328394,0.382396,11.6444,0
2,sm_86,1024,1024,8192,32,4,2,100,0.5,128,64,32,32,64,32,16,8,32,3,0.032136,0.382475,11.9018,0
2,sm_86,1024,1024,8192,32,4,2,100,0.5,128,64,32,32,64,32,16,8,32,4,0.0352986,0.382441,10.8345,0
2,sm_86,1024,1024,8192,32,4,2,100,0.5,64,64,32,32,64,32,16,8,32,2,0.0369642,0.382381,10.3447,0
2,sm_86,1024,1024,8192,32,4,2,100,0.5,64,64,32,32,64,32,16,8,32,3,0.0357293,0.382437,10.7037,0
2,sm_86,1024,1024,8192,32,4,2,100,0.5,64,64,32,32,64,32,16,8,32,4,0.0377043,0.382422,10.1427,0
2,sm_86,4096,1024,8192,32,4,2,100,0.5,128,64,32,32,64,32,16,8,32,2,0.112612,1.20501,10.7005,0
2,sm_86,4096,1024,8192,32,4,2,100,0.5,128,64,32,32,64,32,16,8,32,3,0.112203,1.20504,10.7398,0
2,sm_86,4096,1024,8192,32,4,2,100,0.5,128,64,32,32,64,32,16,8,32,4,0.119177,1.20505,10.1115,0
2,sm_86,4096,1024,8192,32,4,2,100,0.5,64,64,32,32,64,32,16,8,32,2,0.120602,1.205,9.99158,0
2,sm_86,4096,1024,8192,32,4,2,100,0.5,64,64,32,32,64,32,16,8,32,3,0.118447,1.20504,10.1737,0
2,sm_86,4096,1024,8192,32,4,2,100,0.5,64,64,32,32,64,32,16,8,32,4,0.135211,1.20497,8.91178,0
2,sm_86,1024,4096,8192,32,4,2,100,0.5,128,64,32,32,64,32,16,8,32,2,0.0542483,1.44005,26.5455,0
2,sm_86,1024,4096,8192,32,4,2,100,0.5,128,64,32,32,64,32,16,8,32,3,0.0548096,1.44019,26.2762,0
2,sm_86,1024,4096,8192,32,4,2,100,0.5,128,64,32,32,64,32,16,8,32,4,0.0632134,1.4403,22.7847,0
2,sm_86,1024,4096,8192,32,4,2,100,0.5,64,64,32,32,64,32,16,8,32,2,0.0695242,1.44018,20.7148,0
2,sm_86,1024,4096,8192,32,4,2,100,0.5,64,64,32,32,64,32,16,8,32,3,0.0708016,1.44008,20.3397,0
2,sm_86,1024,4096,8192,32,4,2,100,0.5,64,64,32,32,64,32,16,8,32,4,0.071992,1.44034,20.0069,0
0,sm_86,768,768,4096,0,2,2,4,0.5,0,0,0,0,0,0,0,0,0,0,0.309181,0.0688864,0.222803,0
0,sm_86,768,768,4096,0,4,2,4,0.5,0,0,0,0,0,0,0,0,0,0,0.301587,0.068849,0.228289,0
0,sm_86,768,768,4096,0,8,2,4,0.5,0,0,0,0,0,0,0,0,0,0,0.177616,0.0687126,0.386861,0
0,sm_86,768,768,4096,0,2,2,7,0.29,0,0,0,0,0,0,0,0,0,0,0.283082,0.0687568,0.242886,0
0,sm_86,768,768,4096,0,4,2,7,0.29,0,0,0,0,0,0,0,0,0,0,0.199435,0.068713,0.344538,0
0,sm_86,768,768,4096,0,8,2,7,0.29,0,0,0,0,0,0,0,0,0,0,0.115688,0.0688464,0.595102,0
0,sm_86,768,768,4096,0,2,2,8,0.25,0,0,0,0,0,0,0,0,0,0,0.259808,0.0687478,0.26461,0
0,sm_86,768,768,4096,0,4,2,8,0.25,0,0,0,0,0,0,0,0,0,0,0.177429,0.0686768,0.387066,0
0,sm_86,768,768,4096,0,8,2,8,0.25,0,0,0,0,0,0,0,0,0,0,0.103996,0.068759,0.661169,0
0,sm_86,768,768,4096,0,2,2,10,0.2,0,0,0,0,0,0,0,0,0,0,0.22674,0.0687194,0.303076,0
0,sm_86,768,768,4096,0,4,2,10,0.2,0,0,0,0,0,0,0,0,0,0,0.149021,0.0687936,0.461637,0
0,sm_86,768,768,4096,0,8,2,10,0.2,0,0,0,0,0,0,0,0,0,0,0.0899302,0.0688746,0.765867,0
0,sm_86,768,768,4096,0,2,2,20,0.1,0,0,0,0,0,0,0,0,0,0,0.130731,0.0689453,0.527385,0
0,sm_86,768,768,4096,0,4,2,20,0.1,0,0,0,0,0,0,0,0,0,0,0.0986602,0.0687296,0.69663,0
0,sm_86,768,768,4096,0,8,2,20,0.1,0,0,0,0,0,0,0,0,0,0,0.0647344,0.0689485,1.0651,0
0,sm_86,768,768,4096,0,2,2,40,0.05,0,0,0,0,0,0,0,0,0,0,0.0719798,0.0689126,0.957388,0
0,sm_86,768,768,4096,0,4,2,40,0.05,0,0,0,0,0,0,0,0,0,0,0.0896093,0.0689171,0.769085,0
0,sm_86,768,768,4096,0,8,2,40,0.05,0,0,0,0,0,0,0,0,0,0,0.055777,0.0689094,1.23545,0
0,sm_86,768,768,4096,0,2,2,100,0.02,0,0,0,0,0,0,0,0,0,0,0.0401731,0.0689523,1.71638,0
0,sm_86,768,768,4096,0,4,2,100,0.02,0,0,0,0,0,0,0,0,0,0,0.0524554,0.068912,1.31373,0
0,sm_86,768,768,4096,0,8,2,100,0.02,0,0,0,0,0,0,0,0,0,0,0.0376538,0.0689491,1.83114,0
0,sm_86,3072,768,4096,0,2,2,4,0.5,0,0,0,0,0,0,0,0,0,0,0.996032,0.212473,0.213319,0
0,sm_86,3072,768,4096,0,4,2,4,0.5,0,0,0,0,0,0,0,0,0,0,1.14805,0.212486,0.185085,0
0,sm_86,3072,768,4096,0,8,2,4,0.5,0,0,0,0,0,0,0,0,0,0,0.566713,0.212515,0.374995,0
0,sm_86,3072,768,4096,0,2,2,7,0.29,0,0,0,0,0,0,0,0,0,0,0.698087,0.212343,0.304178,0
0,sm_86,3072,768,4096,0,4,2,7,0.29,0,0,0,0,0,0,0,0,0,0,0.70348,0.212551,0.302142,0
0,sm_86,3072,768,4096,0,8,2,7,0.29,0,0,0,0,0,0,0,0,0,0,0.377618,0.212713,0.563302,0
0,sm_86,3072,768,4096,0,2,2,8,0.25,0,0,0,0,0,0,0,0,0,0,0.663982,0.212412,0.319905,0
0,sm_86,3072,768,4096,0,4,2,8,0.25,0,0,0,0,0,0,0,0,0,0,0.634564,0.212636,0.335089,0
0,sm_86,3072,768,4096,0,8,2,8,0.25,0,0,0,0,0,0,0,0,0,0,0.338382,0.212629,0.628369,0
0,sm_86,3072,768,4096,0,2,2,10,0.2,0,0,0,0,0,0,0,0,0,0,0.598669,0.212678,0.355252,0
0,sm_86,3072,768,4096,0,4,2,10,0.2,0,0,0,0,0,0,0,0,0,0,0.542657,0.212656,0.39188,0
0,sm_86,3072,768,4096,0,8,2,10,0.2,0,0,0,0,0,0,0,0,0,0,0.29811,0.212654,0.713343,0
0,sm_86,3072,768,4096,0,2,2,20,0.1,0,0,0,0,0,0,0,0,0,0,0.417458,0.212617,0.509313,0
0,sm_86,3072,768,4096,0,4,2,20,0.1,0,0,0,0,0,0,0,0,0,0,0.359499,0.212701,0.591661,0
0,sm_86,3072,768,4096,0,8,2,20,0.1,0,0,0,0,0,0,0,0,0,0,0.203162,0.212629,1.0466,0
0,sm_86,3072,768,4096,0,2,2,40,0.05,0,0,0,0,0,0,0,0,0,0,0.281142,0.212678,0.756479,0
0,sm_86,3072,768,4096,0,4,2,40,0.05,0,0,0,0,0,0,0,0,0,0,0.325639,0.21262,0.65293,0
0,sm_86,3072,768,4096,0,8,2,40,0.05,0,0,0,0,0,0,0,0,0,0,0.190346,0.212655,1.11721,0
0,sm_86,3072,768,4096,0,2,2,100,0.02,0,0,0,0,0,0,0,0,0,0,0.169765,0.21262,1.25243,0
0,sm_86,3072,768,4096,0,4,2,100,0.02,0,0,0,0,0,0,0,0,0,0,0.177897,0.21258,1.19497,0
0,sm_86,3072,768,4096,0,8,2,100,0.02,0,0,0,0,0,0,0,0,0,0,0.125112,0.212607,1.69933,0
0,sm_86,768,3072,4096,0,2,2,4,0.5,0,0,0,0,0,0,0,0,0,0,1.50082,0.203928,0.135878,0
0,sm_86,768,3072,4096,0,4,2,4,0.5,0,0,0,0,0,0,0,0,0,0,1.30434,0.20361,0.156102,0
0,sm_86,768,3072,4096,0,8,2,4,0.5,0,0,0,0,0,0,0,0,0,0,0.697373,0.203618,0.291978,0
0,sm_86,768,3072,4096,0,2,2,7,0.29,0,0,0,0,0,0,0,0,0,0,1.3637,0.203639,0.149328,0
0,sm_86,768,3072,4096,0,4,2,7,0.29,0,0,0,0,0,0,0,0,0,0,0.781181,0.20394,0.261067,0
0,sm_86,768,3072,4096,0,8,2,7,0.29,0,0,0,0,0,0,0,0,0,0,0.424519,0.203959,0.480448,0
0,sm_86,768,3072,4096,0,2,2,8,0.25,0,0,0,0,0,0,0,0,0,0,1.19992,0.203712,0.169772,0
0,sm_86,768,3072,4096,0,4,2,8,0.25,0,0,0,0,0,0,0,0,0,0,0.677511,0.203937,0.30101,0
0,sm_86,768,3072,4096,0,8,2,8,0.25,0,0,0,0,0,0,0,0,0,0,0.367312,0.203949,0.555248,0
0,sm_86,768,3072,4096,0,2,2,10,0.2,0,0,0,0,0,0,0,0,0,0,0.980389,0.203909,0.207988,0
0,sm_86,768,3072,4096,0,4,2,10,0.2,0,0,0,0,0,0,0,0,0,0,0.547022,0.203872,0.372694,0
0,sm_86,768,3072,4096,0,8,2,10,0.2,0,0,0,0,0,0,0,0,0,0,0.296372,0.203932,0.688096,0
0,sm_86,768,3072,4096,0,2,2,20,0.1,0,0,0,0,0,0,0,0,0,0,0.506676,0.203949,0.402524,0
0,sm_86,768,3072,4096,0,4,2,20,0.1,0,0,0,0,0,0,0,0,0,0,0.285005,0.203915,0.715478,0
0,sm_86,768,3072,4096,0,8,2,20,0.1,0,0,0,0,0,0,0,0,0,0,0.154956,0.203912,1.31594,0
0,sm_86,768,3072,4096,0,2,2,40,0.05,0,0,0,0,0,0,0,0,0,0,0.260456,0.20395,0.783049,0
0,sm_86,768,3072,4096,0,4,2,40,0.05,0,0,0,0,0,0,0,0,0,0,0.159431,0.204386,1.28197,0
0,sm_86,768,3072,4096,0,8,2,40,0.05,0,0,0,0,0,0,0,0,0,0,0.0964858,0.204426,2.11871,0
0,sm_86,768,3072,4096,0,2,2,100,0.02,0,0,0,0,0,0,0,0,0,0,0.109581,0.203923,1.86094,0
0,sm_86,768,3072,4096,0,4,2,100,0.02,0,0,0,0,0,0,0,0,0,0,0.128231,0.203926,1.59031,0
0,sm_86,768,3072,4096,0,8,2,100,0.02,0,0,0,0,0,0,0,0,0,0,0.0831226,0.203939,2.45347,0
0,sm_86,1024,1024,4096,0,2,2,4,0.5,0,0,0,0,0,0,0,0,0,0,0.492608,0.114678,0.232798,0
0,sm_86,1024,1024,4096,0,4,2,4,0.5,0,0,0,0,0,0,0,0,0,0,0.494906,0.114381,0.231117,0
0,sm_86,1024,1024,4096,0,8,2,4,0.5,0,0,0,0,0,0,0,0,0,0,0.300231,0.114362,0.380912,0
0,sm_86,1024,1024,4096,0,2,2,7,0.29,0,0,0,0,0,0,0,0,0,0,0.491048,0.114385,0.23294,0
0,sm_86,1024,1024,4096,0,4,2,7,0.29,0,0,0,0,0,0,0,0,0,0,0.337193,0.114407,0.339293,0
0,sm_86,1024,1024,4096,0,8,2,7,0.29,0,0,0,0,0,0,0,0,0,0,0.193799,0.114402,0.590314,0
0,sm_86,1024,1024,4096,0,2,2,8,0.25,0,0,0,0,0,0,0,0,0,0,0.462772,0.114467,0.247351,0
0,sm_86,1024,1024,4096,0,4,2,8,0.25,0,0,0,0,0,0,0,0,0,0,0.298675,0.114346,0.382844,0
0,sm_86,1024,1024,4096,0,8,2,8,0.25,0,0,0,0,0,0,0,0,0,0,0.171187,0.114421,0.668399,0
0,sm_86,1024,1024,4096,0,2,2,10,0.2,0,0,0,0,0,0,0,0,0,0,0.395439,0.114449,0.289422,0
0,sm_86,1024,1024,4096,0,4,2,10,0.2,0,0,0,0,0,0,0,0,0,0,0.249468,0.114294,0.458153,0
0,sm_86,1024,1024,4096,0,8,2,10,0.2,0,0,0,0,0,0,0,0,0,0,0.14358,0.114328,0.796267,0
0,sm_86,1024,1024,4096,0,2,2,20,0.1,0,0,0,0,0,0,0,0,0,0,0.225017,0.114511,0.5089,0
0,sm_86,1024,1024,4096,0,4,2,20,0.1,0,0,0,0,0,0,0,0,0,0,0.14751,0.114393,0.77549,0
0,sm_86,1024,1024,4096,0,8,2,20,0.1,0,0,0,0,0,0,0,0,0,0,0.0930787,0.114408,1.22915,0
0,sm_86,1024,1024,4096,0,2,2,40,0.05,0,0,0,0,0,0,0,0,0,0,0.123869,0.114339,0.923062,0
0,sm_86,1024,1024,4096,0,4,2,40,0.05,0,0,0,0,0,0,0,0,0,0,0.138449,0.114424,0.826468,0
0,sm_86,1024,1024,4096,0,8,2,40,0.05,0,0,0,0,0,0,0,0,0,0,0.0864522,0.114339,1.32257,0
0,sm_86,1024,1024,4096,0,2,2,100,0.02,0,0,0,0,0,0,0,0,0,0,0.0610202,0.11435,1.87397,0
0,sm_86,1024,1024,4096,0,4,2,100,0.02,0,0,0,0,0,0,0,0,0,0,0.0906419,0.114342,1.26147,0
0,sm_86,1024,1024,4096,0,8,2,100,0.02,0,0,0,0,0,0,0,0,0,0,0.0593571,0.114326,1.92607,0
0,sm_86,4096,1024,4096,0,2,2,4,0.5,0,0,0,0,0,0,0,0,0,0,1.95054,0.40098,0.205574,0
0,sm_86,4096,1024,4096,0,4,2,4,0.5,0,0,0,0,0,0,0,0,0,0,1.91812,0.400811,0.20896,0
0,sm_86,4096,1024,4096,0,8,2,4,0.5,0,0,0,0,0,0,0,0,0,0,0.964953,0.401932,0.41653,0
0,sm_86,4096,1024,4096,0,2,2,7,0.29,0,0,0,0,0,0,0,0,0,0,1.22178,0.400027,0.327412,0
0,sm_86,4096,1024,4096,0,4,2,7,0.29,0,0,0,0,0,0,0,0,0,0,1.18177,0.401706,0.339918,0
0,sm_86,4096,1024,4096,0,8,2,7,0.29,0,0,0,0,0,0,0,0,0,0,0.638415,0.401642,0.629124,0
0,sm_86,4096,1024,4096,0,2,2,8,0.25,0,0,0,0,0,0,0,0,0,0,1.16047,0.402494,0.346836,0
0,sm_86,4096,1024,4096,0,4,2,8,0.25,0,0,0,0,0,0,0,0,0,0,1.05426,0.399863,0.379282,0
0,sm_86,4096,1024,4096,0,8,2,8,0.25,0,0,0,0,0,0,0,0,0,0,0.576671,0.399793,0.693276,0
0,sm_86,4096,1024,4096,0,2,2,10,0.2,0,0,0,0,0,0,0,0,0,0,1.09681,0.400095,0.364781,0
0,sm_86,4096,1024,4096,0,4,2,10,0.2,0,0,0,0,0,0,0,0,0,0,0.89984,0.399624,0.444106,0
0,sm_86,4096,1024,4096,0,8,2,10,0.2,0,0,0,0,0,0,0,0,0,0,0.49854,0.399874,0.802091,0
0,sm_86,4096,1024,4096,0,2,2,20,0.1,0,0,0,0,0,0,0,0,0,0,0.722136,0.401406,0.555859,0
0,sm_86,4096,1024,4096,0,4,2,20,0.1,0,0,0,0,0,0,0,0,0,0,0.569689,0.401463,0.704706,0
0,sm_86,4096,1024,4096,0,8,2,20,0.1,0,0,0,0,0,0,0,0,0,0,0.324482,0.401792,1.23825,0
0,sm_86,4096,1024,4096,0,2,2,40,0.05,0,0,0,0,0,0,0,0,0,0,0.4289,0.401422,0.935934,0
0,sm_86,4096,1024,4096,0,4,2,40,0.05,0,0,0,0,0,0,0,0,0,0,0.519494,0.401445,0.772761,0
0,sm_86,4096,1024,4096,0,8,2,40,0.05,0,0,0,0,0,0,0,0,0,0,0.295398,0.401434,1.35896,0
0,sm_86,4096,1024,4096,0,2,2,100,0.02,0,0,0,0,0,0,0,0,0,0,0.229886,0.40142,1.74616,0
0,sm_86,4096,1024,4096,0,4,2,100,0.02,0,0,0,0,0,0,0,0,0,0,0.327651,0.401453,1.22525,0
0,sm_86,4096,1024,4096,0,8,2,100,0.02,0,0,0,0,0,0,0,0,0,0,0.208827,0.40135,1.92192,0
0,sm_86,1024,4096,4096,0,2,2,4,0.5,0,0,0,0,0,0,0,0,0,0,2.13392,0.360876,0.169114,0
0,sm_86,1024,4096,4096,0,4,2,4,0.5,0,0,0,0,0,0,0,0,0,0,2.27171,0.361018,0.158919,0
0,sm_86,1024,4096,4096,0,8,2,4,0.5,0,0,0,0,0,0,0,0,0,0,1.22111,0.361163,0.295766,0
0,sm_86,1024,4096,4096,0,2,2,7,0.29,0,0,0,0,0,0,0,0,0,0,2.39482,0.36111,0.150788,0
0,sm_86,1024,4096,4096,0,4,2,7,0.29,0,0,0,0,0,0,0,0,0,0,1.37621,0.360942,0.262272,0
0,sm_86,1024,4096,4096,0,8,2,7,0.29,0,0,0,0,0,0,0,0,0,0,0.746285,0.361032,0.483773,0
0,sm_86,1024,4096,4096,0,2,2,8,0.25,0,0,0,0,0,0,0,0,0,0,2.13688,0.360949,0.168914,0
0,sm_86,1024,4096,4096,0,4,2,8,0.25,0,0,0,0,0,0,0,0,0,0,1.1923,0.360978,0.302757,0
0,sm_86,1024,4096,4096,0,8,2,8,0.25,0,0,0,0,0,0,0,0,0,0,0.648306,0.360756,0.55646,0
0,sm_86,1024,4096,4096,0,2,2,10,0.2,0,0,0,0,0,0,0,0,0,0,1.74446,0.360836,0.206846,0
0,sm_86,1024,4096,4096,0,4,2,10,0.2,0,0,0,0,0,0,0,0,0,0,0.962678,0.36091,0.374902,0
0,sm_86,1024,4096,4096,0,8,2,10,0.2,0,0,0,0,0,0,0,0,0,0,0.526203,0.360989,0.686027,0
0,sm_86,1024,4096,4096,0,2,2,20,0.1,0,0,0,0,0,0,0,0,0,0,0.900266,0.360692,0.40065,0
0,sm_86,1024,4096,4096,0,4,2,20,0.1,0,0,0,0,0,0,0,0,0,0,0.492298,0.360723,0.732733,0
0,sm_86,1024,4096,4096,0,8,2,20,0.1,0,0,0,0,0,0,0,0,0,0,0.267818,0.360822,1.34727,0
0,sm_86,1024,4096,4096,0,2,2,40,0.05,0,0,0,0,0,0,0,0,0,0,0.459641,0.360787,0.784932,0
0,sm_86,1024,4096,4096,0,4,2,40,0.05,0,0,0,0,0,0,0,0,0,0,0.262035,0.36069,1.3765,0
0,sm_86,1024,4096,4096,0,8,2,40,0.05,0,0,0,0,0,0,0,0,0,0,0.149174,0.360932,2.41954,0
0,sm_86,1024,4096,4096,0,2,2,100,0.02,0,0,0,0,0,0,0,0,0,0,0.189337,0.360654,1.90483,0
0,sm_86,1024,4096,4096,0,4,2,100,0.02,0,0,0,0,0,0,0,0,0,0,0.162476,0.360674,2.21985,0
0,sm_86,1024,4096,4096,0,8,2,100,0.02,0,0,0,0,0,0,0,0,0,0,0.112153,0.361011,3.21891,0
0,sm_86,768,768,8192,0,2,2,4,0.5,0,0,0,0,0,0,0,0,0,0,0.593286,0.135288,0.228032,0
0,sm_86,768,768,8192,0,4,2,4,0.5,0,0,0,0,0,0,0,0,0,0,0.602786,0.134786,0.223605,0
0,sm_86,768,768,8192,0,8,2,4,0.5,0,0,0,0,0,0,0,0,0,0,0.353016,0.134908,0.382158,0
0,sm_86,768,768,8192,0,2,2,7,0.29,0,0,0,0,0,0,0,0,0,0,0.560033,0.134823,0.240741,0
0,sm_86,768,768,8192,0,4,2,7,0.29,0,0,0,0,0,0,0,0,0,0,0.392977,0.134933,0.343362,0
0,sm_86,768,768,8192,0,8,2,7,0.29,0,0,0,0,0,0,0,0,0,0,0.22505,0.134923,0.599523,0
0,sm_86,768,768,8192,0,2,2,8,0.25,0,0,0,0,0,0,0,0,0,0,0.524911,0.135133,0.257441,0
0,sm_86,768,768,8192,0,4,2,8,0.25,0,0,0,0,0,0,0,0,0,0,0.348345,0.134839,0.387086,0
0,sm_86,768,768,8192,0,8,2,8,0.25,0,0,0,0,0,0,0,0,0,0,0.198814,0.135044,0.679246,0
0,sm_86,768,768,8192,0,2,2,10,0.2,0,0,0,0,0,0,0,0,0,0,0.453656,0.134877,0.297311,0
0,sm_86,768,768,8192,0,4,2,10,0.2,0,0,0,0,0,0,0,0,0,0,0.290407,0.134968,0.464755,0
0,sm_86,768,768,8192,0,8,2,10,0.2,0,0,0,0,0,0,0,0,0,0,0.167564,0.135074,0.806103,0
0,sm_86,768,768,8192,0,2,2,20,0.1,0,0,0,0,0,0,0,0,0,0,0.256481,0.13476,0.525418,0
0,sm_86,768,768,8192,0,4,2,20,0.1,0,0,0,0,0,0,0,0,0,0,0.183375,0.134912,0.735719,0
0,sm_86,768,768,8192,0,8,2,20,0.1,0,0,0,0,0,0,0,0,0,0,0.115622,0.13508,1.16828,0
0,sm_86,768,768,8192,0,2,2,40,0.05,0,0,0,0,0,0,0,0,0,0,0.139329,0.135124,0.969826,0
0,sm_86,768,768,8192,0,4,2,40,0.05,0,0,0,0,0,0,0,0,0,0,0.1756,0.13507,0.769189,0
0,sm_86,768,768,8192,0,8,2,40,0.05,0,0,0,0,0,0,0,0,0,0,0.107424,0.134991,1.25663,0
0,sm_86,768,768,8192,0,2,2,100,0.02,0,0,0,0,0,0,0,0,0,0,0.075823,0.135102,1.7818,0
0,sm_86,768,768,8192,0,4,2,100,0.02,0,0,0,0,0,0,0,0,0,0,0.102357,0.134974,1.31866,0
0,sm_86,768,768,8192,0,8,2,100,0.02,0,0,0,0,0,0,0,0,0,0,0.0727056,0.134837,1.85456,0
0,sm_86,3072,768,8192,0,2,2,4,0.5,0,0,0,0,0,0,0,0,0,0,1.97631,0.420697,0.21287,0
0,sm_86,3072,768,8192,0,4,2,4,0.5,0,0,0,0,0,0,0,0,0,0,2.24849,0.420409,0.186974,0
0,sm_86,3072,768,8192,0,8,2,4,0.5,0,0,0,0,0,0,0,0,0,0,1.11561,0.420432,0.376862,0
0,sm_86,3072,768,8192,0,2,2,7,0.29,0,0,0,0,0,0,0,0,0,0,1.37328,0.421008,0.306571,0
0,sm_86,3072,768,8192,0,4,2,7,0.29,0,0,0,0,0,0,0,0,0,0,1.3995,0.420615,0.300547,0
0,sm_86,3072,768,8192,0,8,2,7,0.29,0,0,0,0,0,0,0,0,0,0,0.728111,0.420585,0.577639,0
0,sm_86,3072,768,8192,0,2,2,8,0.25,0,0,0,0,0,0,0,0,0,0,1.28884,0.421116,0.32674,0
0,sm_86,3072,768,8192,0,4,2,8,0.25,0,0,0,0,0,0,0,0,0,0,1.25248,0.420456,0.335699,0
0,sm_86,3072,768,8192,0,8,2,8,0.25,0,0,0,0,0,0,0,0,0,0,0.662414,0.420669,0.635055,0
0,sm_86,3072,768,8192,0,2,2,10,0.2,0,0,0,0,0,0,0,0,0,0,1.15555,0.420405,0.363813,0
0,sm_86,3072,768,8192,0,4,2,10,0.2,0,0,0,0,0,0,0,0,0,0,1.06618,0.420477,0.394377,0
0,sm_86,3072,768,8192,0,8,2,10,0.2,0,0,0,0,0,0,0,0,0,0,0.567165,0.420562,0.741515,0
0,sm_86,3072,768,8192,0,2,2,20,0.1,0,0,0,0,0,0,0,0,0,0,0.802968,0.420502,0.523685,0
0,sm_86,3072,768,8192,0,4,2,20,0.1,0,0,0,0,0,0,0,0,0,0,0.702073,0.4205,0.598941,0
0,sm_86,3072,768,8192,0,8,2,20,0.1,0,0,0,0,0,0,0,0,0,0,0.390984,0.420452,1.07537,0
0,sm_86,3072,768,8192,0,2,2,40,0.05,0,0,0,0,0,0,0,0,0,0,0.537944,0.420422,0.781535,0
0,sm_86,3072,768,8192,0,4,2,40,0.05,0,0,0,0,0,0,0,0,0,0,0.648248,0.420341,0.648426,0
0,sm_86,3072,768,8192,0,8,2,40,0.05,0,0,0,0,0,0,0,0,0,0,0.377193,0.420382,1.1145,0
0,sm_86,3072,768,8192,0,2,2,100,0.02,0,0,0,0,0,0,0,0,0,0,0.330359,0.420639,1.27328,0
0,sm_86,3072,768,8192,0,4,2,100,0.02,0,0,0,0,0,0,0,0,0,0,0.352952,0.42043,1.19118,0
0,sm_86,3072,768,8192,0,8,2,100,0.02,0,0,0,0,0,0,0,0,0,0,0.249547,0.420529,1.68517,0
0,sm_86,768,3072,8192,0,2,2,4,0.5,0,0,0,0,0,0,0,0,0,0,2.39507,0.403651,0.168534,0
0,sm_86,768,3072,8192,0,4,2,4,0.5,0,0,0,0,0,0,0,0,0,0,2.5746,0.404171,0.156984,0
0,sm_86,768,3072,8192,0,8,2,4,0.5,0,0,0,0,0,0,0,0,0,0,1.38604,0.404301,0.291695,0
0,sm_86,768,3072,8192,0,2,2,7,0.29,0,0,0,0,0,0,0,0,0,0,2.75815,0.404041,0.14649,0
0,sm_86,768,3072,8192,0,4,2,7,0.29,0,0,0,0,0,0,0,0,0,0,1.54178,0.403689,0.261834,0
0,sm_86,768,3072,8192,0,8,2,7,0.29,0,0,0,0,0,0,0,0,0,0,0.838765,0.403541,0.481113,0
0,sm_86,768,3072,8192,0,2,2,8,0.25,0,0,0,0,0,0,0,0,0,0,2.41228,0.404067,0.167504,0
0,sm_86,768,3072,8192,0,4,2,8,0.25,0,0,0,0,0,0,0,0,0,0,1.33764,0.403717,0.301812,0
0,sm_86,768,3072,8192,0,8,2,8,0.25,0,0,0,0,0,0,0,0,0,0,0.727792,0.403685,0.554671,0
0,sm_86,768,3072,8192,0,2,2,10,0.2,0,0,0,0,0,0,0,0,0,0,1.95034,0.403713,0.206997,0
0,sm_86,768,3072,8192,0,4,2,10,0.2,0,0,0,0,0,0,0,0,0,0,1.08131,0.403622,0.373271,0
0,sm_86,768,3072,8192,0,8,2,10,0.2,0,0,0,0,0,0,0,0,0,0,0.585657,0.403749,0.689394,0
0,sm_86,768,3072,8192,0,2,2,20,0.1,0,0,0,0,0,0,0,0,0,0,1.00634,0.403626,0.401084,0
0,sm_86,768,3072,8192,0,4,2,20,0.1,0,0,0,0,0,0,0,0,0,0,0.559296,0.403659,0.721726,0
0,sm_86,768,3072,8192,0,8,2,20,0.1,0,0,0,0,0,0,0,0,0,0,0.303602,0.403538,1.32917,0
0,sm_86,768,3072,8192,0,2,2,40,0.05,0,0,0,0,0,0,0,0,0,0,0.514704,0.40365,0.784236,0
0,sm_86,768,3072,8192,0,4,2,40,0.05,0,0,0,0,0,0,0,0,0,0,0.299168,0.403633,1.34919,0
0,sm_86,768,3072,8192,0,8,2,40,0.05,0,0,0,0,0,0,0,0,0,0,0.180854,0.403616,2.23172,0
0,sm_86,768,3072,8192,0,2,2,100,0.02,0,0,0,0,0,0,0,0,0,0,0.21563,0.403578,1.87162,0
0,sm_86,768,3072,8192,0,4,2,100,0.02,0,0,0,0,0,0,0,0,0,0,0.255052,0.403671,1.5827,0
0,sm_86,768,3072,8192,0,8,2,100,0.02,0,0,0,0,0,0,0,0,0,0,0.165039,0.403682,2.44598,0
0,sm_86,1024,1024,8192,0,2,2,4,0.5,0,0,0,0,0,0,0,0,0,0,0.940067,0.211615,0.225106,0
0,sm_86,1024,1024,8192,0,4,2,4,0.5,0,0,0,0,0,0,0,0,0,0,0.969722,0.212108,0.218731,0
0,sm_86,1024,1024,8192,0,8,2,4,0.5,0,0,0,0,0,0,0,0,0,0,0.555171,0.212105,0.382054,0
0,sm_86,1024,1024,8192,0,2,2,7,0.29,0,0,0,0,0,0,0,0,0,0,0.886639,0.21212,0.239241,0
0,sm_86,1024,1024,8192,0,4,2,7,0.29,0,0,0,0,0,0,0,0,0,0,0.643666,0.211835,0.329107,0
0,sm_86,1024,1024,8192,0,8,2,7,0.29,0,0,0,0,0,0,0,0,0,0,0.368167,0.212181,0.576317,0
0,sm_86,1024,1024,8192,0,2,2,8,0.25,0,0,0,0,0,0,0,0,0,0,0.867237,0.212201,0.244687,0
0,sm_86,1024,1024,8192,0,4,2,8,0.25,0,0,0,0,0,0,0,0,0,0,0.569768,0.211942,0.37198,0
0,sm_86,1024,1024,8192,0,8,2,8,0.25,0,0,0,0,0,0,0,0,0,0,0.32378,0.212089,0.655041,0
0,sm_86,1024,1024,8192,0,2,2,10,0.2,0,0,0,0,0,0,0,0,0,0,0.754111,0.212146,0.28132,0
0,sm_86,1024,1024,8192,0,4,2,10,0.2,0,0,0,0,0,0,0,0,0,0,0.472336,0.212125,0.449098,0
0,sm_86,1024,1024,8192,0,8,2,10,0.2,0,0,0,0,0,0,0,0,0,0,0.266833,0.212014,0.794558,0
0,sm_86,1024,1024,8192,0,2,2,20,0.1,0,0,0,0,0,0,0,0,0,0,0.421871,0.2121,0.502761,0
0,sm_86,1024,1024,8192,0,4,2,20,0.1,0,0,0,0,0,0,0,0,0,0,0.272184,0.211784,0.778092,0
0,sm_86,1024,1024,8192,0,8,2,20,0.1,0,0,0,0,0,0,0,0,0,0,0.166276,0.212092,1.27555,0
0,sm_86,1024,1024,8192,0,2,2,40,0.05,0,0,0,0,0,0,0,0,0,0,0.232036,0.212047,0.913853,0
0,sm_86,1024,1024,8192,0,4,2,40,0.05,0,0,0,0,0,0,0,0,0,0,0.271261,0.212086,0.781852,0
0,sm_86,1024,1024,8192,0,8,2,40,0.05,0,0,0,0,0,0,0,0,0,0,0.166296,0.211889,1.27417,0
0,sm_86,1024,1024,8192,0,2,2,100,0.02,0,0,0,0,0,0,0,0,0,0,0.116266,0.211995,1.82335,0
0,sm_86,1024,1024,8192,0,4,2,100,0.02,0,0,0,0,0,0,0,0,0,0,0.179183,0.212012,1.18322,0
0,sm_86,1024,1024,8192,0,8,2,100,0.02,0,0,0,0,0,0,0,0,0,0,0.116484,0.211927,1.81937,0
0,sm_86,4096,1024,8192,0,2,2,4,0.5,0,0,0,0,0,0,0,0,0,0,3.87998,0.694517,0.179,0
0,sm_86,4096,1024,8192,0,4,2,4,0.5,0,0,0,0,0,0,0,0,0,0,3.77864,0.69379,0.183608,0
0,sm_86,4096,1024,8192,0,8,2,4,0.5,0,0,0,0,0,0,0,0,0,0,1.88616,0.694524,0.368221,0
0,sm_86,4096,1024,8192,0,2,2,7,0.29,0,0,0,0,0,0,0,0,0,0,2.4046,0.693922,0.288581,0
0,sm_86,4096,1024,8192,0,4,2,7,0.29,0,0,0,0,0,0,0,0,0,0,2.32811,0.694453,0.298291,0
0,sm_86,4096,1024,8192,0,8,2,7,0.29,0,0,0,0,0,0,0,0,0,0,1.24764,0.694598,0.556727,0
0,sm_86,4096,1024,8192,0,2,2,8,0.25,0,0,0,0,0,0,0,0,0,0,2.19469,0.694527,0.316458,0
0,sm_86,4096,1024,8192,0,4,2,8,0.25,0,0,0,0,0,0,0,0,0,0,2.06506,0.694545,0.336331,0
0,sm_86,4096,1024,8192,0,8,2,8,0.25,0,0,0,0,0,0,0,0,0,0,1.1278,0.694209,0.615542,0
0,sm_86,4096,1024,8192,0,2,2,10,0.2,0,0,0,0,0,0,0,0,0,0,1.99693,0.694361,0.347714,0
0,sm_86,4096,1024,8192,0,4,2,10,0.2,0,0,0,0,0,0,0,0,0,0,1.7448,0.694331,0.397944,0
0,sm_86,4096,1024,8192,0,8,2,10,0.2,0,0,0,0,0,0,0,0,0,0,0.972719,0.694254,0.713725,0
0,sm_86,4096,1024,8192,0,2,2,20,0.1,0,0,0,0,0,0,0,0,0,0,1.35284,0.694538,0.513391,0
0,sm_86,4096,1024,8192,0,4,2,20,0.1,0,0,0,0,0,0,0,0,0,0,1.12175,0.69462,0.619231,0
0,sm_86,4096,1024,8192,0,8,2,20,0.1,0,0,0,0,0,0,0,0,0,0,0.621746,0.694683,1.11731,0
0,sm_86,4096,1024,8192,0,2,2,40,0.05,0,0,0,0,0,0,0,0,0,0,0.808226,0.694607,0.859421,0
0,sm_86,4096,1024,8192,0,4,2,40,0.05,0,0,0,0,0,0,0,0,0,0,1.0316,0.694602,0.673325,0
0,sm_86,4096,1024,8192,0,8,2,40,0.05,0,0,0,0,0,0,0,0,0,0,0.590442,0.694518,1.17627,0
0,sm_86,4096,1024,8192,0,2,2,100,0.02,0,0,0,0,0,0,0,0,0,0,0.44665,0.694671,1.55529,0
0,sm_86,4096,1024,8192,0,4,2,100,0.02,0,0,0,0,0,0,0,0,0,0,0.65908,0.694804,1.0542,0
0,sm_86,4096,1024,8192,0,8,2,100,0.02,0,0,0,0,0,0,0,0,0,0,0.418947,0.694539,1.65782,0
0,sm_86,1024,4096,8192,0,2,2,4,0.5,0,0,0,0,0,0,0,0,0,0,4.18815,0.719714,0.171845,0
0,sm_86,1024,4096,8192,0,4,2,4,0.5,0,0,0,0,0,0,0,0,0,0,4.05878,0.7196,0.177295,0
0,sm_86,1024,4096,8192,0,8,2,4,0.5,0,0,0,0,0,0,0,0,0,0,2.30449,0.719459,0.312199,0
0,sm_86,1024,4096,8192,0,2,2,7,0.29,0,0,0,0,0,0,0,0,0,0,4.82768,0.722858,0.149732,0
0,sm_86,1024,4096,8192,0,4,2,7,0.29,0,0,0,0,0,0,0,0,0,0,2.6836,0.719099,0.267961,0
0,sm_86,1024,4096,8192,0,8,2,7,0.29,0,0,0,0,0,0,0,0,0,0,1.45292,0.719103,0.494937,0
0,sm_86,1024,4096,8192,0,2,2,8,0.25,0,0,0,0,0,0,0,0,0,0,4.27565,0.719721,0.16833,0
0,sm_86,1024,4096,8192,0,4,2,8,0.25,0,0,0,0,0,0,0,0,0,0,2.32964,0.719459,0.308829,0
0,sm_86,1024,4096,8192,0,8,2,8,0.25,0,0,0,0,0,0,0,0,0,0,1.2607,0.719333,0.570582,0
0,sm_86,1024,4096,8192,0,2,2,10,0.2,0,0,0,0,0,0,0,0,0,0,3.47821,0.719401,0.206831,0
0,sm_86,1024,4096,8192,0,4,2,10,0.2,0,0,0,0,0,0,0,0,0,0,1.88455,0.719385,0.381728,0
0,sm_86,1024,4096,8192,0,8,2,10,0.2,0,0,0,0,0,0,0,0,0,0,1.02585,0.719301,0.701177,0
0,sm_86,1024,4096,8192,0,2,2,20,0.1,0,0,0,0,0,0,0,0,0,0,1.77884,0.719517,0.404487,0
0,sm_86,1024,4096,8192,0,4,2,20,0.1,0,0,0,0,0,0,0,0,0,0,0.96679,0.719508,0.744224,0
0,sm_86,1024,4096,8192,0,8,2,20,0.1,0,0,0,0,0,0,0,0,0,0,0.521767,0.719575,1.37911,0
0,sm_86,1024,4096,8192,0,2,2,40,0.05,0,0,0,0,0,0,0,0,0,0,0.904966,0.719577,0.795142,0
0,sm_86,1024,4096,8192,0,4,2,40,0.05,0,0,0,0,0,0,0,0,0,0,0.50689,0.719518,1.41947,0
0,sm_86,1024,4096,8192,0,8,2,40,0.05,0,0,0,0,0,0,0,0,0,0,0.280263,0.719399,2.56687,0
0,sm_86,1024,4096,8192,0,2,2,100,0.02,0,0,0,0,0,0,0,0,0,0,0.374078,0.719531,1.92348,0
0,sm_86,1024,4096,8192,0,4,2,100,0.02,0,0,0,0,0,0,0,0,0,0,0.318907,0.719473,2.25606,0
0,sm_86,1024,4096,8192,0,8,2,100,0.02,0,0,0,0,0,0,0,0,0,0,0.220256,0.719327,3.26586,0
1,sm_86,768,768,4096,0,1,2,4,0.5,0,0,0,0,0,0,0,0,0,0,0.391353,0.0690429,0.176421,0
1,sm_86,768,768,4096,0,1,2,7,0.29,0,0,0,0,0,0,0,0,0,0,0.255676,0.0689622,0.269725,0
1,sm_86,768,768,4096,0,1,2,8,0.25,0,0,0,0,0,0,0,0,0,0,0.242241,0.0689302,0.284553,0
1,sm_86,768,768,4096,0,1,2,10,0.2,0,0,0,0,0,0,0,0,0,0,0.213152,0.0688698,0.323101,0
1,sm_86,768,768,4096,0,1,2,20,0.1,0,0,0,0,0,0,0,0,0,0,0.172278,0.0688218,0.39948,0
1,sm_86,768,768,4096,0,1,2,40,0.05,0,0,0,0,0,0,0,0,0,0,0.112855,0.0688749,0.610293,0
1,sm_86,768,768,4096,0,1,2,100,0.02,0,0,0,0,0,0,0,0,0,0,0.0532256,0.068849,1.29353,0
1,sm_86,3072,768,4096,0,1,2,4,0.5,0,0,0,0,0,0,0,0,0,0,1.45535,0.213586,0.14676,0
1,sm_86,3072,768,4096,0,1,2,7,0.29,0,0,0,0,0,0,0,0,0,0,0.881614,0.212556,0.241099,0
1,sm_86,3072,768,4096,0,1,2,8,0.25,0,0,0,0,0,0,0,0,0,0,0.797154,0.212554,0.26664,0
1,sm_86,3072,768,4096,0,1,2,10,0.2,0,0,0,0,0,0,0,0,0,0,0.633202,0.212741,0.335977,0
1,sm_86,3072,768,4096,0,1,2,20,0.1,0,0,0,0,0,0,0,0,0,0,0.419107,0.212663,0.507418,0
1,sm_86,3072,768,4096,0,1,2,40,0.05,0,0,0,0,0,0,0,0,0,0,0.335848,0.212625,0.6331,0
1,sm_86,3072,768,4096,0,1,2,100,0.02,0,0,0,0,0,0,0,0,0,0,0.188005,0.212637,1.13102,0
1,sm_86,768,3072,4096,0,1,2,4,0.5,0,0,0,0,0,0,0,0,0,0,1.652,0.203599,0.123244,0
1,sm_86,768,3072,4096,0,1,2,7,0.29,0,0,0,0,0,0,0,0,0,0,1.12783,0.203655,0.180572,0
1,sm_86,768,3072,4096,0,1,2,8,0.25,0,0,0,0,0,0,0,0,0,0,1.04559,0.203617,0.194739,0
1,sm_86,768,3072,4096,0,1,2,10,0.2,0,0,0,0,0,0,0,0,0,0,0.94613,0.204253,0.215883,0
1,sm_86,768,3072,4096,0,1,2,20,0.1,0,0,0,0,0,0,0,0,0,0,0.685386,0.204554,0.29845,0
1,sm_86,768,3072,4096,0,1,2,40,0.05,0,0,0,0,0,0,0,0,0,0,0.422049,0.203986,0.483323,0
1,sm_86,768,3072,4096,0,1,2,100,0.02,0,0,0,0,0,0,0,0,0,0,0.198074,0.204497,1.03243,0
1,sm_86,1024,1024,4096,0,1,2,4,0.5,0,0,0,0,0,0,0,0,0,0,0.67836,0.115694,0.170549,0
1,sm_86,1024,1024,4096,0,1,2,7,0.29,0,0,0,0,0,0,0,0,0,0,0.427116,0.114461,0.267987,0
1,sm_86,1024,1024,4096,0,1,2,8,0.25,0,0,0,0,0,0,0,0,0,0,0.391285,0.114437,0.292466,0
1,sm_86,1024,1024,4096,0,1,2,10,0.2,0,0,0,0,0,0,0,0,0,0,0.340302,0.114516,0.336511,0
1,sm_86,1024,1024,4096,0,1,2,20,0.1,0,0,0,0,0,0,0,0,0,0,0.277317,0.114443,0.412678,0
1,sm_86,1024,1024,4096,0,1,2,40,0.05,0,0,0,0,0,0,0,0,0,0,0.196753,0.114532,0.582111,0
1,sm_86,1024,1024,4096,0,1,2,100,0.02,0,0,0,0,0,0,0,0,0,0,0.0921062,0.114369,1.2417,0
1,sm_86,4096,1024,4096,0,1,2,4,0.5,0,0,0,0,0,0,0,0,0,0,2.64612,0.403541,0.152503,0
1,sm_86,4096,1024,4096,0,1,2,7,0.29,0,0,0,0,0,0,0,0,0,0,1.59932,0.402643,0.251759,0
1,sm_86,4096,1024,4096,0,1,2,8,0.25,0,0,0,0,0,0,0,0,0,0,1.42072,0.404166,0.284479,0
1,sm_86,4096,1024,4096,0,1,2,10,0.2,0,0,0,0,0,0,0,0,0,0,1.14768,0.404834,0.35274,0
1,sm_86,4096,1024,4096,0,1,2,20,0.1,0,0,0,0,0,0,0,0,0,0,0.704952,0.39994,0.56733,0
1,sm_86,4096,1024,4096,0,1,2,40,0.05,0,0,0,0,0,0,0,0,0,0,0.616081,0.401467,0.651647,0
1,sm_86,4096,1024,4096,0,1,2,100,0.02,0,0,0,0,0,0,0,0,0,0,0.320294,0.401633,1.25395,0
1,sm_86,1024,4096,4096,0,1,2,4,0.5,0,0,0,0,0,0,0,0,0,0,2.93671,0.361296,0.123027,0
1,sm_86,1024,4096,4096,0,1,2,7,0.29,0,0,0,0,0,0,0,0,0,0,2.26512,0.361997,0.159813,0
1,sm_86,1024,4096,4096,0,1,2,8,0.25,0,0,0,0,0,0,0,0,0,0,1.96109,0.361187,0.184177,0
1,sm_86,1024,4096,4096,0,1,2,10,0.2,0,0,0,0,0,0,0,0,0,0,1.74059,0.361064,0.207438,0
1,sm_86,1024,4096,4096,0,1,2,20,0.1,0,0,0,0,0,0,0,0,0,0,1.16551,0.361069,0.309794,0
1,sm_86,1024,4096,4096,0,1,2,40,0.05,0,0,0,0,0,0,0,0,0,0,0.730786,0.360739,0.493631,0
1,sm_86,1024,4096,4096,0,1,2,100,0.02,0,0,0,0,0,0,0,0,0,0,0.330518,0.361093,1.09251,0
1,sm_86,768,768,8192,0,1,2,4,0.5,0,0,0,0,0,0,0,0,0,0,0.769574,0.135474,0.176038,0
1,sm_86,768,768,8192,0,1,2,7,0.29,0,0,0,0,0,0,0,0,0,0,0.490674,0.136226,0.277631,0
1,sm_86,768,768,8192,0,1,2,8,0.25,0,0,0,0,0,0,0,0,0,0,0.462269,0.135633,0.293406,0
1,sm_86,768,768,8192,0,1,2,10,0.2,0,0,0,0,0,0,0,0,0,0,0.393321,0.135142,0.343593,0
1,sm_86,768,768,8192,0,1,2,20,0.1,0,0,0,0,0,0,0,0,0,0,0.337881,0.134934,0.399353,0
1,sm_86,768,768,8192,0,1,2,40,0.05,0,0,0,0,0,0,0,0,0,0,0.223937,0.135021,0.60294,0
1,sm_86,768,768,8192,0,1,2,100,0.02,0,0,0,0,0,0,0,0,0,0,0.103055,0.134796,1.30799,0
1,sm_86,3072,768,8192,0,1,2,4,0.5,0,0,0,0,0,0,0,0,0,0,2.90557,0.421491,0.145063,0
1,sm_86,3072,768,8192,0,1,2,7,0.29,0,0,0,0,0,0,0,0,0,0,1.74858,0.420705,0.240598,0
1,sm_86,3072,768,8192,0,1,2,8,0.25,0,0,0,0,0,0,0,0,0,0,1.58456,0.420604,0.26544,0
1,sm_86,3072,768,8192,0,1,2,10,0.2,0,0,0,0,0,0,0,0,0,0,1.25062,0.420979,0.336617,0
1,sm_86,3072,768,8192,0,1,2,20,0.1,0,0,0,0,0,0,0,0,0,0,0.809496,0.420594,0.519575,0
1,sm_86,3072,768,8192,0,1,2,40,0.05,0,0,0,0,0,0,0,0,0,0,0.633964,0.420622,0.66348,0
1,sm_86,3072,768,8192,0,1,2,100,0.02,0,0,0,0,0,0,0,0,0,0,0.356461,0.420547,1.17979,0
1,sm_86,768,3072,8192,0,1,2,4,0.5,0,0,0,0,0,0,0,0,0,0,3.18789,0.40715,0.127718,0
1,sm_86,768,3072,8192,0,1,2,7,0.29,0,0,0,0,0,0,0,0,0,0,2.19461,0.404453,0.184294,0
1,sm_86,768,3072,8192,0,1,2,8,0.25,0,0,0,0,0,0,0,0,0,0,2.0671,0.40432,0.195598,0
1,sm_86,768,3072,8192,0,1,2,10,0.2,0,0,0,0,0,0,0,0,0,0,1.87259,0.404126,0.215812,0
1,sm_86,768,3072,8192,0,1,2,20,0.1,0,0,0,0,0,0,0,0,0,0,1.40444,0.403707,0.287451,0
1,sm_86,768,3072,8192,0,1,2,40,0.05,0,0,0,0,0,0,0,0,0,0,0.8401,0.40362,0.480443,0
1,sm_86,768,3072,8192,0,1,2,100,0.02,0,0,0,0,0,0,0,0,0,0,0.39001,0.403659,1.03499,0
1,sm_86,1024,1024,8192,0,1,2,4,0.5,0,0,0,0,0,0,0,0,0,0,1.33568,0.21121,0.158129,0
1,sm_86,1024,1024,8192,0,1,2,7,0.29,0,0,0,0,0,0,0,0,0,0,0.828869,0.213597,0.257697,0
1,sm_86,1024,1024,8192,0,1,2,8,0.25,0,0,0,0,0,0,0,0,0,0,0.75261,0.213548,0.283744,0
1,sm_86,1024,1024,8192,0,1,2,10,0.2,0,0,0,0,0,0,0,0,0,0,0.641554,0.212216,0.330785,0
1,sm_86,1024,1024,8192,0,1,2,20,0.1,0,0,0,0,0,0,0,0,0,0,0.529948,0.213366,0.402617,0
1,sm_86,1024,1024,8192,0,1,2,40,0.05,0,0,0,0,0,0,0,0,0,0,0.375341,0.212149,0.565217,0
1,sm_86,1024,1024,8192,0,1,2,100,0.02,0,0,0,0,0,0,0,0,0,0,0.171033,0.212064,1.2399,0
1,sm_86,4096,1024,8192,0,1,2,4,0.5,0,0,0,0,0,0,0,0,0,0,5.30691,0.695485,0.131053,0
1,sm_86,4096,1024,8192,0,1,2,7,0.29,0,0,0,0,0,0,0,0,0,0,3.18593,0.695733,0.218377,0
1,sm_86,4096,1024,8192,0,1,2,8,0.25,0,0,0,0,0,0,0,0,0,0,2.79794,0.694779,0.248318,0
1,sm_86,4096,1024,8192,0,1,2,10,0.2,0,0,0,0,0,0,0,0,0,0,2.25585,0.695075,0.308121,0
1,sm_86,4096,1024,8192,0,1,2,20,0.1,0,0,0,0,0,0,0,0,0,0,1.35558,0.699019,0.515661,0
1,sm_86,4096,1024,8192,0,1,2,40,0.05,0,0,0,0,0,0,0,0,0,0,1.15276,0.694715,0.602651,0
1,sm_86,4096,1024,8192,0,1,2,100,0.02,0,0,0,0,0,0,0,0,0,0,0.596809,0.694743,1.1641,0
1,sm_86,1024,4096,8192,0,1,2,4,0.5,0,0,0,0,0,0,0,0,0,0,5.67952,0.721479,0.127032,0
1,sm_86,1024,4096,8192,0,1,2,7,0.29,0,0,0,0,0,0,0,0,0,0,4.29073,0.720347,0.167884,0
1,sm_86,1024,4096,8192,0,1,2,8,0.25,0,0,0,0,0,0,0,0,0,0,3.84215,0.72001,0.187397,0
1,sm_86,1024,4096,8192,0,1,2,10,0.2,0,0,0,0,0,0,0,0,0,0,3.58762,0.720383,0.200797,0
1,sm_86,1024,4096,8192,0,1,2,20,0.1,0,0,0,0,0,0,0,0,0,0,2.34403,0.719581,0.306985,0
1,sm_86,1024,4096,8192,0,1,2,40,0.05,0,0,0,0,0,0,0,0,0,0,1.44941,0.719545,0.496441,0
1,sm_86,1024,4096,8192,0,1,2,100,0.02,0,0,0,0,0,0,0,0,0,0,0.658771,0.71964,1.0924,0
